bookName;isbn;author;pages;synopsis;genreName;content;available
The Hunger Games;9780439023480;Suzanne Collins;374;En un futuro distópico, Katniss Everdeen se presenta voluntaria para participar en unos juegos mortales televisados a cambio de proteger a su hermana.;Distopía;Libero veniam incididunt do libero occaecat sunt dolor. Enim nulla dolor magna mollit occaecat enim sunt suspendisse. Blandit labore in exercitation enim blandit do duis. Sagittis culpa suspendisse hendrerit sint ridiculus duis occaecat vivamus qui sapien non curabitur.|Nunc mus sagittis sapien duis velit vestibulum labore ea id curabitur. Culpa et hendrerit labore duis etiam deserunt cupidatat est. Ad dolor nisi nostrud aliqua parturient cum nisi. Aute magnis esse quis veniam cupidatat quis proident natoque aute enim etiam nulla sed amet.|Officia massa reprehenderit consectetur duis etiam excepteur ridiculus sapien ipsum. Est sint nostrud deserunt eiusmod voluptate velit montes cum. Ridiculus blandit nulla do officia vestibulum nulla magna consequat labore montes dis. Sunt eu eiusmod commodo mus suspendisse minim minim.|Hendrerit potenti mus excepteur tempor anim montes labore excepteur. Nascetur dis eleifend laborum vel aute id consequat natoque velit veniam consectetur ipsum occaecat. Lorem curabitur consectetur adipiscing dolor aliquip pariatur exercitation eu sint hendrerit. Minim cillum irure sed anim ea irure sapien amet mollit mollit consectetur hendrerit suspendisse do.|Sint incididunt dolore esse cum adipiscing suspendisse sapien sed mollit sint. Ridiculus dis sagittis labore eu enim irure consectetur. Lorem aute dis ornare exercitation laborum hendrerit ornare anim eu magna enim consectetur libero. Eleifend consectetur proident nulla sagittis labore nascetur elit. Adipiscing adipiscing sapien irure parturient non proident sit elit anim.|Aliqua vel minim aute id ullamco nisi eleifend adipiscing esse etiam etiam. Sint nulla tempor ea adipiscing minim exercitation voluptate sint. Qui mus mollit lorem potenti ullamco anim parturient incididunt eiusmod do occaecat. Exercitation aliqua ex est sagittis nulla veniam penatibus amet deserunt vivamus sit. Nunc deserunt quis libero occaecat in lorem adipiscing sociis penatibus occaecat vestibulum proident. In sit commodo dis ridiculus sit commodo est id ea.|Dis minim labore massa et reprehenderit dolore dis ornare reprehenderit. Nostrud ornare do cum sapien ad potenti esse laboris massa ad. Anim aute exercitation adipiscing nunc ea nulla est. Aliquip dolor cum quis proident mus sit sunt ea ornare voluptate mus eiusmod natoque magna sit. Lorem dis sint vel libero id commodo adipiscing anim aliquip nisi sagittis vel laboris. Id aliquip laborum occaecat magna anim duis eleifend et non irure vestibulum. Exercitation in proident mollit esse voluptate enim cillum penatibus massa et elit.|Potenti eleifend id ad magna dolor veniam cillum sagittis. Velit sociis non vel duis aute ut est natoque. Ornare enim suspendisse laborum esse cupidatat magnis eiusmod incididunt. Id mus sunt montes natoque qui vel nulla vivamus occaecat natoque libero cillum quis veniam. Blandit pariatur officia nostrud adipiscing exercitation nostrud nisi sint incididunt ad laborum. Consectetur irure sint reprehenderit aliqua reprehenderit penatibus proident laborum sapien blandit.;true
Harry Potter y la piedra filosofal;9780439554930;J.K. Rowling;309;Un joven huérfano descubre que es un mago y comienza su educación en el colegio Hogwarts.;Fantasía;Lorem ea eleifend sagittis montes reprehenderit eleifend occaecat culpa enim enim voluptate dolor ex est. Hendrerit vestibulum magnis mus sint penatibus sunt anim elit in cum dolore quis aliquip. Aliquip blandit duis eleifend vivamus veniam elit ipsum sint etiam ea mollit ornare mollit eleifend. Magna ipsum ut tempor id cupidatat enim laborum nunc et culpa. Ornare labore laboris proident dis non penatibus consequat parturient. Adipiscing laborum officia do nunc sagittis culpa eiusmod mus ornare ea. Anim adipiscing mollit ipsum reprehenderit fugiat voluptate commodo natoque esse ut et pariatur mollit.|Voluptate hendrerit nostrud sagittis vivamus elit sociis minim esse culpa duis dolor sagittis dolore enim. Ex sociis curabitur nostrud lorem montes elit vel eu blandit laborum mollit. Velit ipsum ullamco irure minim anim consequat occaecat ex etiam occaecat ea velit laboris ad. Nisi libero montes laborum magna libero nostrud sunt blandit sunt mus. Ullamco commodo laboris curabitur tempor amet amet ullamco parturient deserunt eleifend. Cum non cillum voluptate dolore amet parturient cillum potenti. Fugiat non est ut potenti montes elit veniam cupidatat reprehenderit sunt qui nunc duis.|Sapien etiam laboris qui culpa libero montes aliqua aliqua anim labore et. Labore irure laborum cillum dolor exercitation exercitation sapien adipiscing. Dis ornare officia anim parturient in occaecat mollit penatibus vivamus adipiscing. Massa sunt vivamus magnis voluptate cillum laboris irure nostrud sint. Elit sit in aliquip veniam sed nascetur vestibulum non montes etiam id nostrud sit blandit. Pariatur voluptate exercitation etiam voluptate potenti ridiculus cillum irure nisi do labore reprehenderit fugiat anim. Potenti occaecat velit nisi aliquip ridiculus irure pariatur mus anim sint reprehenderit dolore commodo.|Blandit aliqua occaecat dis voluptate laborum eiusmod ridiculus culpa minim labore occaecat occaecat sed etiam. Esse eiusmod vivamus fugiat vel nulla nostrud vestibulum mus. Esse ut magna sunt eleifend incididunt adipiscing nunc sagittis ex ornare. Potenti exercitation ullamco proident etiam fugiat ut sint ea occaecat sint velit. Cum mus minim duis sapien irure nisi cillum magnis duis mus massa mollit. Fugiat sit nulla sunt cum cum voluptate excepteur esse hendrerit. Cum ridiculus adipiscing ornare quis officia aute elit aliquip id sint montes officia sociis.|Sit adipiscing officia magnis etiam eleifend voluptate sed deserunt cum voluptate laborum penatibus amet massa ullamco. In minim reprehenderit est dolore et culpa duis est fugiat proident ad deserunt. Veniam lorem suspendisse penatibus id labore voluptate ea proident deserunt in veniam sagittis magna duis. Do duis commodo ullamco laborum ipsum vivamus aute lorem sapien ornare ridiculus penatibus eleifend vivamus. Nunc ad suspendisse enim magna veniam blandit nunc est incididunt sed officia. Laboris voluptate proident hendrerit sed ullamco eleifend et. Ornare cum commodo nulla nostrud labore magnis parturient ridiculus ullamco.|Cillum adipiscing eleifend ad id id aute sagittis cupidatat. Massa ipsum sint velit id id proident vivamus parturient. Id cillum qui parturient aliquip culpa mollit deserunt esse. Mollit eiusmod amet sit etiam eiusmod minim sint duis consequat montes laborum. Reprehenderit libero ut reprehenderit sed fugiat irure montes dolor consequat voluptate montes sagittis sed est occaecat. Consectetur nostrud ridiculus montes vivamus sed enim deserunt ridiculus amet ex mus ornare.|Vivamus occaecat proident potenti ad nunc ornare sunt nostrud. Mus sint massa do sapien tempor commodo ornare proident ipsum. Amet libero excepteur eleifend cillum ornare pariatur do nulla montes sit ornare. Laboris deserunt dolor etiam sagittis in do vel voluptate natoque nisi ut tempor officia proident vel. Etiam excepteur velit culpa sed curabitur sagittis mollit nunc vel enim velit ad ex.|Reprehenderit sed in anim consequat ut dis adipiscing vivamus sed sed libero potenti cupidatat. Cupidatat id irure cum parturient in magnis amet exercitation nisi do nulla ut eu sagittis ea. Consequat blandit non suspendisse sagittis ridiculus potenti qui deserunt dolor dis vivamus nostrud dolore curabitur laboris. Ea dolore incididunt anim adipiscing libero ridiculus sed excepteur consequat velit labore nisi. Nunc non elit amet labore qui id nostrud anim eu voluptate nostrud eleifend. Ea do est sunt excepteur laboris enim mus amet. Laboris enim incididunt veniam aliquip lorem eleifend et duis curabitur nulla.;true
Twilight;9780316015840;Stephenie Meyer;498;Una adolescente se enamora de un misterioso vampiro en un pequeño pueblo de Washington.;Romance;Aute libero voluptate esse elit nisi in irure deserunt. Eiusmod ipsum aliquip suspendisse qui vivamus magnis elit sagittis minim proident excepteur. Cum eleifend enim ornare adipiscing officia excepteur magna nunc ea nascetur mollit ut do. Magna culpa blandit mollit et nunc fugiat eleifend blandit velit dis cupidatat. Sapien officia ut adipiscing voluptate laboris nostrud consectetur nulla laboris velit consectetur vivamus. Mollit ridiculus sed sunt duis proident montes libero sit.|Culpa nulla nascetur velit suspendisse vestibulum mus elit mollit sit curabitur etiam excepteur. Commodo magnis duis nunc est amet officia ex aliquip cupidatat. Exercitation hendrerit anim penatibus cum ex proident incididunt ea ridiculus laborum aute sunt parturient. Cupidatat deserunt aliquip tempor curabitur montes etiam magnis sed id nulla ipsum. Dolore enim montes eu ad incididunt adipiscing vestibulum do nunc vestibulum sociis.|Cum qui sunt ut dolore laborum officia penatibus vel sit commodo vel ridiculus. Eleifend ornare minim minim nascetur ornare penatibus magna est non voluptate nunc. Nulla reprehenderit labore magna culpa cum amet eu consequat parturient vel pariatur tempor elit. Nostrud penatibus ut voluptate montes enim velit ea dolor amet.|Duis elit ad nisi sed vel ex ut sit magnis cillum. Blandit cillum qui penatibus ipsum enim ut parturient culpa in. Minim eiusmod minim deserunt officia consectetur vestibulum fugiat sint officia non vel. In qui minim reprehenderit anim elit ridiculus adipiscing excepteur nulla mus occaecat. Cum sit duis consequat eleifend commodo adipiscing minim anim do proident blandit incididunt ea. Potenti et ornare esse laborum officia potenti consectetur nunc esse ullamco sit magna.|Parturient pariatur etiam sint veniam eleifend magna commodo ornare sapien aliquip tempor consequat. Libero natoque duis ridiculus fugiat fugiat dis pariatur suspendisse hendrerit elit culpa vivamus occaecat. Do aliquip ullamco velit vel labore voluptate velit hendrerit magnis qui voluptate deserunt. Adipiscing deserunt commodo suspendisse est montes incididunt culpa.|Tempor minim mollit commodo montes dolor ut velit. Consequat blandit non excepteur aute mollit veniam eiusmod libero fugiat duis cupidatat quis. Curabitur enim qui laborum etiam aliqua incididunt adipiscing et vel etiam suspendisse. Id curabitur occaecat ullamco ullamco labore curabitur curabitur et commodo ad mus massa. Massa dolor occaecat consequat suspendisse occaecat qui elit laboris etiam vel. Irure irure non tempor nisi adipiscing esse pariatur tempor vivamus occaecat proident nunc tempor nulla cum. Pariatur laboris labore parturient ad montes pariatur exercitation elit.|Nostrud officia qui sed deserunt sunt proident et officia penatibus ex dis sit sapien elit montes. Mollit nunc reprehenderit deserunt fugiat officia ullamco nascetur eu suspendisse est ullamco. Est labore reprehenderit esse ex incididunt sapien nisi mus. Ridiculus tempor consequat cupidatat nisi esse nostrud veniam sed ullamco duis qui veniam. Potenti parturient vel magna labore etiam cillum sociis fugiat sed.|Esse minim proident amet exercitation sunt vestibulum id exercitation lorem do incididunt quis commodo irure amet. Non magna occaecat adipiscing nulla blandit exercitation etiam. Tempor sed consequat mus cupidatat commodo incididunt culpa irure. Amet incididunt aliquip cillum esse culpa pariatur aliquip. Labore etiam libero ullamco ex vivamus excepteur curabitur ullamco potenti consequat id mus. Massa hendrerit est dolor cillum ridiculus ornare nunc non vel proident et. Ut est dolor montes do ipsum nisi ut laborum irure nunc magnis cum libero.;true
To Kill a Mockingbird;9780061120080;Harper Lee;281;Una niña observa el juicio racial que sacude a su pueblo del sur de Estados Unidos durante la Gran Depresión.;Clásico;Pariatur cupidatat etiam eu consequat nascetur esse excepteur occaecat id. Culpa magna veniam cupidatat ad ridiculus ullamco ullamco aliqua curabitur nisi ea. Exercitation non sint natoque aute ea nunc ut sit montes elit dis. Eleifend enim vivamus nostrud cupidatat nostrud do libero minim amet penatibus ad.|Do aliquip cillum est incididunt nascetur mus labore. Cillum magna nascetur nisi mollit penatibus sed non sint hendrerit parturient magnis et sociis et. Etiam aute fugiat parturient nascetur dis cum lorem. Dis ex velit deserunt excepteur natoque incididunt nulla nostrud. Aliquip hendrerit mollit vel ipsum ex ullamco id magna.|Pariatur elit id dolore incididunt aliquip veniam quis minim eleifend montes laboris hendrerit ipsum. Laborum consectetur eiusmod laboris irure nulla natoque curabitur laboris eiusmod magnis ullamco qui. Nascetur eu velit mus consequat curabitur magnis blandit suspendisse vivamus blandit. Excepteur excepteur commodo magnis eiusmod vivamus penatibus aliqua sint. Aliquip pariatur eiusmod aliqua proident sed nulla suspendisse velit pariatur. Cupidatat cupidatat id laboris ipsum veniam lorem enim adipiscing in curabitur sint consectetur natoque mus. Dolor irure nunc blandit mus mollit reprehenderit etiam duis cum penatibus consequat est anim sint.|Dolore sint excepteur hendrerit ad lorem dolor ullamco id. In duis ad esse ut dolore cum blandit dolor anim qui parturient natoque minim adipiscing sunt. Sunt curabitur amet libero irure minim enim sapien consectetur nulla ullamco potenti hendrerit nisi sunt. Minim cum mus pariatur reprehenderit nostrud cupidatat sunt libero et est cupidatat amet. Parturient id ornare nisi reprehenderit ut consequat eleifend cillum sagittis laboris curabitur suspendisse. Cupidatat ridiculus cupidatat incididunt minim aliqua mollit dis.|Sint vivamus amet consequat culpa sit adipiscing suspendisse proident. Enim aliqua penatibus laboris penatibus enim magna libero eleifend eleifend magnis laborum curabitur aute minim nisi. Duis sint commodo quis pariatur fugiat sed mus cillum vestibulum magnis consequat. Amet sapien libero ipsum occaecat proident vel ullamco magna ad non veniam occaecat parturient. Quis potenti nascetur deserunt fugiat et massa et vel eu magnis sint deserunt. Excepteur vestibulum adipiscing potenti amet lorem incididunt officia.|Lorem nulla consequat qui id qui eu eu lorem occaecat. Ipsum vel sint exercitation nulla laborum in parturient. Do sed ut magna excepteur potenti nostrud aute consequat irure. Etiam ad est sagittis mollit sapien blandit sed duis occaecat consectetur.|Elit sagittis mollit aliquip ridiculus ridiculus natoque magnis ad penatibus. Nostrud dis est exercitation sint anim dolore sagittis ipsum aliqua incididunt potenti potenti dis ullamco. Non sagittis id sint duis libero massa laborum elit eleifend ea. Voluptate vestibulum ex nunc montes aute nunc dolor nostrud.|Ad occaecat consequat dolore proident duis nunc ullamco veniam adipiscing nostrud duis ornare ut aute. Do lorem laboris commodo nostrud tempor dolore velit occaecat irure dolor ea sed. Sapien ipsum reprehenderit ornare hendrerit cupidatat etiam minim pariatur est et nostrud nostrud. Consectetur voluptate reprehenderit eu adipiscing veniam veniam officia sunt magna. Incididunt lorem aute vestibulum duis sapien voluptate in vivamus. Laboris culpa laborum eu et aute nisi libero officia ridiculus. Aliquip exercitation ornare commodo dis magna etiam dolore nunc dolor hendrerit.;true
The Great Gatsby;9780743273560;F. Scott Fitzgerald;180;Un joven millonario persigue obsesivamente el amor de su vida en la efervescente Nueva York de los años 20.;Clásico;Massa vivamus adipiscing sagittis massa id incididunt laboris veniam ut in consequat velit sunt proident. Nulla magnis laborum sint massa commodo natoque sint deserunt elit nunc anim ea mollit sit mus. Ridiculus aliquip massa do sed enim eleifend cupidatat est enim consequat esse est laborum. Ea dolor do reprehenderit nascetur eiusmod parturient incididunt nisi velit. Pariatur ea sed vel velit adipiscing amet curabitur dolor ex do.|Pariatur occaecat aliquip in esse massa officia dolore anim aute libero. Velit in lorem enim exercitation curabitur massa non massa sint commodo. Esse quis sapien excepteur deserunt sunt qui proident ea sagittis qui. Magnis sunt id nisi minim eiusmod consequat incididunt duis sunt non in. Deserunt laborum mollit etiam occaecat fugiat incididunt nisi velit amet commodo lorem incididunt potenti nascetur.|Est reprehenderit vestibulum eu elit dolor blandit ullamco nostrud sint et esse libero blandit. Nulla non nostrud sint etiam sint blandit blandit voluptate enim in libero mollit veniam cum dolor. Ea potenti voluptate etiam nunc minim suspendisse proident ea curabitur officia labore. Ornare potenti suspendisse non excepteur sunt et mus ullamco non. Mus est sed nascetur ornare magnis etiam cum tempor sapien veniam vel vivamus blandit id fugiat. Officia consequat adipiscing massa nunc irure eleifend laborum cum velit eu proident. Hendrerit esse anim commodo consectetur sint enim in enim.|Vivamus ex proident cupidatat eu ex est amet sed ornare esse tempor sapien. Esse etiam in etiam penatibus sociis laboris cum cum sed commodo elit anim mollit amet. Hendrerit eleifend in sed sed enim elit sunt pariatur velit lorem ex. Mus in tempor adipiscing duis hendrerit do nisi sociis. Duis potenti cum deserunt id adipiscing cupidatat culpa labore ea. Officia ut reprehenderit est sapien elit do eleifend sunt duis nascetur.|Veniam mollit veniam culpa vel exercitation parturient dolor sagittis cum. Pariatur nulla eleifend ullamco amet natoque montes fugiat eiusmod fugiat sunt. Sociis ipsum commodo nisi duis vestibulum reprehenderit occaecat et cillum mus adipiscing proident ipsum enim dis. Nulla officia nulla reprehenderit curabitur elit sint qui nostrud laboris pariatur aliqua suspendisse sint. Proident blandit mollit deserunt laboris voluptate montes minim veniam dis eiusmod qui amet anim. Eiusmod curabitur curabitur labore montes excepteur ornare vel et tempor.|Nunc dolor suspendisse nostrud consectetur vel non adipiscing velit. Amet sapien et labore nunc natoque id eiusmod libero lorem sapien ipsum amet. Duis ut dis sapien occaecat magnis libero reprehenderit nisi reprehenderit vel nostrud elit. Eiusmod id amet ad pariatur amet irure cum sapien nunc laboris elit esse. Aliqua cupidatat laboris officia esse sunt fugiat nunc magna penatibus blandit veniam lorem. Dolor sint deserunt laborum lorem ex blandit consequat libero laboris aliqua mus reprehenderit nascetur.|Sed magnis natoque pariatur curabitur consequat ridiculus elit sed incididunt potenti adipiscing. Voluptate nascetur minim quis nisi suspendisse curabitur libero. Velit minim parturient incididunt nunc do do velit nisi eiusmod commodo nunc velit. Quis eiusmod labore est vivamus laborum sit vestibulum aliquip sed veniam commodo pariatur id quis. Dolor irure velit eleifend veniam esse suspendisse incididunt ipsum vivamus.|Magna irure est parturient elit proident magnis adipiscing etiam magna. Suspendisse sed sagittis suspendisse tempor parturient amet dis in hendrerit fugiat duis in ea penatibus. Exercitation sociis sit qui veniam ullamco reprehenderit occaecat consectetur exercitation incididunt magna. Veniam etiam sint ipsum duis vel eu ornare ex cupidatat nisi nostrud dolor sunt dolor suspendisse. Consectetur etiam excepteur nunc etiam ridiculus do anim quis potenti magnis consectetur.;true
The Fault in Our Stars;9780525478810;John Green;313;Dos adolescentes con cáncer viven una intensa historia de amor mientras enfrentan su mortalidad.;Romance;Ea vestibulum sagittis et sunt suspendisse laborum magnis dolor curabitur montes cupidatat cupidatat dolore. Sint et sit consectetur culpa ipsum eu aliquip qui suspendisse ex et suspendisse cum consectetur. Proident magnis nunc sagittis sapien nascetur consequat parturient aute do. Aliquip ridiculus hendrerit voluptate deserunt eu nisi curabitur cupidatat natoque qui commodo. Duis libero ullamco et lorem curabitur non sagittis nunc non.|Magnis ridiculus enim cupidatat parturient incididunt eleifend minim mus et sociis elit curabitur. Velit quis veniam adipiscing quis do lorem duis hendrerit ridiculus sociis fugiat duis. Consequat vivamus ornare proident blandit ad velit massa sit ipsum quis do ex sociis labore adipiscing. Ex mus natoque curabitur in mollit culpa voluptate amet. Aliqua magna laborum vel hendrerit quis exercitation minim amet non vestibulum ut commodo.|Ullamco anim culpa magna dolor et ullamco elit vestibulum. Ornare cillum natoque quis deserunt duis consequat duis dolore amet voluptate quis. Cupidatat ut laborum sed id suspendisse reprehenderit blandit ad consectetur duis excepteur. Est parturient non minim ullamco aute sagittis sit non pariatur non mus ut montes velit montes. Ridiculus suspendisse tempor in mus voluptate etiam officia vestibulum quis. Elit cupidatat occaecat sapien pariatur magnis ipsum curabitur proident. Eiusmod ut cupidatat proident nascetur do do ornare ornare cum sociis sociis quis mollit.|Et irure qui est irure aute sociis laborum. Eleifend magnis natoque ipsum potenti laboris exercitation fugiat. Ridiculus ad laboris libero nunc nisi hendrerit culpa sed. Enim vivamus libero blandit cum potenti pariatur labore nisi nulla incididunt sagittis sociis dolor magna. Vestibulum veniam esse magnis curabitur nostrud vivamus nulla deserunt tempor dolor. Eu velit nascetur cillum occaecat ex vestibulum quis vivamus sed dolor amet sagittis. Sapien mollit id nostrud irure ipsum ornare nunc lorem magnis mollit.|Veniam suspendisse laboris ridiculus deserunt in consequat ea veniam cillum id. Proident lorem etiam nascetur vestibulum cupidatat sunt exercitation est eu ex nostrud aliquip nostrud. Dolore pariatur minim consectetur sapien suspendisse irure nisi incididunt dolor fugiat ullamco. Irure libero proident etiam potenti ex vel est deserunt cillum parturient commodo laboris et.|Sed tempor quis suspendisse blandit dolore est ex sed ea libero laboris. Consequat proident esse eiusmod amet deserunt proident qui cillum magna eiusmod est excepteur. Amet sagittis incididunt aliqua irure non penatibus esse nisi vel ornare eu officia et. Lorem nostrud blandit et blandit fugiat blandit elit. Deserunt irure nascetur duis sit magna consequat ipsum nisi vivamus magna id officia veniam.|Tempor duis proident et vivamus ullamco ullamco hendrerit sunt ex sociis etiam. Etiam fugiat eleifend labore penatibus potenti ipsum ad mus enim ipsum nulla tempor. Consequat deserunt nunc officia sunt amet do vestibulum. Laborum reprehenderit duis occaecat cillum ut laborum officia. Reprehenderit do pariatur officia curabitur reprehenderit natoque pariatur qui exercitation ornare fugiat. Ornare vivamus ridiculus commodo irure labore occaecat penatibus est eu minim.|Penatibus vestibulum id ut sed pariatur hendrerit do quis. Esse ridiculus quis amet potenti cum sagittis commodo id in eiusmod. Lorem incididunt mollit aliquip natoque montes nostrud hendrerit. Potenti dolore irure nascetur nostrud duis sagittis massa mollit massa eiusmod laborum consectetur.;true
The Hobbit;9780618260300;J.R.R. Tolkien;310;Un hobbit es reclutado por un grupo de enanos para recuperar un tesoro custodiado por un dragón.;Fantasía;Reprehenderit sunt suspendisse est dolore duis commodo dolor est. Eu eu sociis voluptate consectetur mollit ipsum cum excepteur libero. Mus id ex excepteur curabitur sed anim veniam ea id duis. Natoque qui ipsum parturient nulla cillum fugiat labore eleifend nisi aliquip exercitation nulla occaecat duis potenti. Esse suspendisse velit sapien velit eiusmod fugiat mollit do.|Cupidatat lorem sed culpa qui laboris nulla aliqua. Montes commodo amet ad velit cupidatat qui cillum anim vel eiusmod blandit enim ex vivamus. Occaecat consequat do natoque fugiat potenti libero irure veniam magna eiusmod sagittis. Esse ornare vel do reprehenderit dis vestibulum proident nunc velit anim. Incididunt fugiat excepteur amet parturient vestibulum eu nulla magnis et proident hendrerit tempor duis culpa sociis. Sociis reprehenderit culpa laborum veniam aute ex ullamco suspendisse incididunt culpa sociis pariatur vestibulum occaecat nisi. Officia aliqua officia ullamco ea id mus mollit nascetur nulla laborum aliquip eiusmod ea eu non.|Exercitation sagittis suspendisse excepteur dolor ut id magna eleifend labore exercitation veniam vestibulum laborum ullamco eleifend. Commodo velit qui id cupidatat ad mollit duis. Ornare massa exercitation anim dis duis nascetur ridiculus nisi occaecat ipsum veniam qui ornare cum vivamus. Eleifend occaecat culpa nunc nascetur ullamco et est dolore et pariatur consequat in. Quis labore sagittis lorem esse parturient sit dis sunt nunc officia vestibulum laboris massa occaecat adipiscing. Excepteur nascetur pariatur ornare labore sint irure ea sociis anim aliquip ullamco montes. Cillum cupidatat eleifend mollit eiusmod ea minim deserunt magnis minim sit sociis duis massa eiusmod quis.|Magnis potenti consequat suspendisse velit sit natoque magna. Elit sed ridiculus nunc excepteur officia aliqua officia enim est vestibulum aliqua vivamus sociis libero voluptate. Eleifend ut esse aliquip elit amet massa cupidatat non. Penatibus irure velit irure nisi aute eiusmod lorem vel consectetur eleifend. Curabitur adipiscing dis do ornare laboris elit blandit. Duis potenti dolor labore enim eleifend massa sagittis ullamco deserunt ullamco sociis nascetur cum mollit.|Cum incididunt sit non aute occaecat elit aliqua libero hendrerit enim penatibus sagittis incididunt dolore qui. Magna dolore massa sagittis sagittis dis etiam esse occaecat ullamco adipiscing sed. Montes commodo id minim exercitation adipiscing magna eu aliquip anim laborum ut non suspendisse nascetur. Lorem veniam enim libero voluptate vestibulum incididunt hendrerit sociis esse.|Eu do mollit elit exercitation vivamus natoque magna libero officia hendrerit natoque. Officia potenti proident nunc enim sit quis natoque sint mollit ut aute natoque sunt sapien incididunt. Nulla aute nulla anim sagittis suspendisse qui labore pariatur velit dolore montes anim ridiculus libero eu. Sit blandit ad quis minim id pariatur massa duis magnis sociis sit mollit. Curabitur pariatur vivamus vestibulum quis sint et mollit commodo. Pariatur consequat penatibus pariatur ea cum eu eu culpa.|Labore adipiscing deserunt enim dolore commodo vel eiusmod ad potenti vel eu eu aliqua labore. Dolor sit non labore officia sit non consectetur quis dolore nascetur sunt cupidatat ipsum. Montes enim culpa cillum eu enim irure incididunt proident nunc officia nulla. Hendrerit ex velit sunt ad duis do aliqua sapien nulla. Vivamus culpa et penatibus sunt cum excepteur eleifend sed anim penatibus sint lorem parturient.|Reprehenderit cum laborum in parturient eu nunc ea suspendisse penatibus vestibulum non in veniam blandit penatibus. Exercitation cum irure magna curabitur massa proident eiusmod lorem. Est nisi commodo ut mollit veniam sagittis in commodo nostrud est. Reprehenderit ornare eu consequat occaecat veniam laboris ex curabitur libero sagittis. Eleifend velit laborum labore enim irure ex occaecat laborum. Labore nascetur lorem sed ut dis voluptate consectetur. Consequat culpa hendrerit dis irure anim exercitation nascetur consectetur nunc et.;true
The Catcher in the Rye;9780316769170;J.D. Salinger;277;Un adolescente narra su desencanto tras ser expulsado del colegio y vagar por Nueva York.;Clásico;Lorem sagittis dis pariatur magna ornare nulla laborum qui id commodo mollit ridiculus elit nostrud. Ea aute proident pariatur libero adipiscing sed exercitation vivamus magnis ea nascetur nostrud culpa. Velit irure lorem et nulla cupidatat nulla ex eiusmod pariatur quis. Potenti non laborum nascetur cupidatat nunc blandit nascetur esse esse proident dolor eiusmod adipiscing deserunt etiam. Suspendisse reprehenderit ea sint curabitur quis exercitation aute eleifend ex occaecat. Cillum ea natoque nostrud montes est penatibus fugiat magna libero. Aliqua aliqua veniam qui labore do magnis id anim qui blandit sint.|Consequat nisi natoque sociis non nostrud dolore blandit pariatur aute eleifend tempor excepteur in parturient. Nulla aute est et ridiculus laborum esse laborum. Id duis do commodo sapien dolore quis nostrud. Commodo fugiat aliqua curabitur consequat sagittis exercitation dolore tempor non ad sed nostrud.|In duis ut nascetur ut suspendisse et fugiat etiam sagittis pariatur vel ornare laboris cupidatat non. Sed labore enim veniam vestibulum sed eleifend quis commodo cupidatat suspendisse ex reprehenderit ea. Non mollit sint mus exercitation aliquip nulla nunc velit elit qui. Officia ut et suspendisse ex officia non sagittis adipiscing labore ad nisi ullamco nostrud mollit. Sociis ornare parturient eleifend pariatur velit et sagittis tempor minim veniam libero.|Et do consectetur sociis occaecat dolor aute blandit elit quis ut. Laboris veniam exercitation officia tempor vestibulum dolor anim sapien aliquip cillum ridiculus sint nostrud. Incididunt montes sint sunt esse eleifend cum voluptate deserunt sint penatibus eu ad sed laboris. Quis laboris lorem potenti sagittis ex cillum lorem magnis montes cillum lorem in ullamco.|Occaecat dolore sociis voluptate veniam vel mollit vivamus. Quis in minim blandit penatibus suspendisse est exercitation libero suspendisse reprehenderit. Dolore ullamco deserunt qui nostrud officia dolore ipsum amet. Ipsum ridiculus exercitation tempor voluptate lorem sed ipsum enim reprehenderit ornare fugiat consequat laborum dolor elit. Consectetur nunc adipiscing cillum magna vestibulum potenti vivamus eiusmod nunc.|Nunc voluptate libero sit esse nunc pariatur mus cillum est nisi aliquip officia sit. Pariatur veniam deserunt magna sociis sapien enim eiusmod officia aliquip et nostrud eiusmod massa lorem sit. Est ut nunc veniam fugiat est ex ridiculus blandit consectetur ea ut sint do eu. Mus ornare blandit suspendisse voluptate magna laborum commodo incididunt natoque eu voluptate ullamco. Magna dolore ea hendrerit nostrud vivamus magnis occaecat adipiscing ut ullamco quis consequat lorem deserunt.|Sociis qui commodo qui nisi consectetur ridiculus potenti magna est. Ut exercitation irure nisi sed anim sit parturient dolore dolor do magna dolor deserunt duis fugiat. Amet enim vel ipsum magnis anim dis vivamus cillum deserunt commodo libero. Potenti massa consectetur qui excepteur libero vestibulum elit enim pariatur do ad duis magna. Non montes cupidatat cupidatat eleifend blandit non id curabitur in do. Occaecat nulla anim sint sunt parturient penatibus occaecat etiam sagittis. Blandit in hendrerit culpa cupidatat enim blandit dis veniam nascetur velit aute hendrerit mus.|Incididunt natoque lorem mus enim nisi nunc parturient vivamus magnis pariatur non non sed esse labore. Consequat proident ad suspendisse sed aute magnis libero hendrerit massa et vivamus. Sunt laboris hendrerit non elit consectetur nunc ea potenti. Dis eiusmod nunc eleifend sagittis dis deserunt officia amet excepteur nisi cupidatat aliquip laborum.;true
Angels & Demons;9781416524790;Dan Brown;616;El simbólogo Robert Langdon investiga una conspiración de una sociedad secreta contra el Vaticano.;Misterio y Thriller;Id etiam ridiculus eleifend non sed in ornare. Tempor elit non amet aute elit nulla nunc tempor incididunt. Magna aute non cupidatat etiam excepteur minim quis in est non eiusmod reprehenderit commodo magna ea. Nunc et ea potenti suspendisse officia voluptate dis. Magna consequat blandit sagittis eiusmod amet montes dis cum potenti ipsum.|Velit dolor aliqua sint aliqua excepteur quis eu hendrerit incididunt laborum ipsum. Sit et exercitation massa qui amet mollit lorem duis nostrud sagittis anim sapien ipsum cum mollit. Mus nulla curabitur penatibus eu sunt elit magna ridiculus cupidatat vel. Veniam excepteur ex aute labore ea ea officia.|Nostrud consectetur quis duis etiam etiam parturient montes ad ex aute incididunt hendrerit pariatur est cum. Reprehenderit non in nisi culpa velit tempor mollit proident est aliqua. Laboris curabitur excepteur incididunt etiam ridiculus ut dis magnis nisi. Excepteur vel dolore vestibulum ut dolor nisi ridiculus nascetur laboris eleifend potenti deserunt libero ut dolore. Dolore blandit qui nostrud non ad ad est commodo est.|Nulla culpa vel consequat sagittis fugiat incididunt magna dolor blandit. Dis montes ad id aliqua aliqua et montes. Cum fugiat aliquip esse veniam irure sit libero duis nisi qui libero sunt excepteur cum. Pariatur velit vivamus sit etiam pariatur aute libero. Duis blandit nascetur magna voluptate sociis nunc exercitation labore ullamco magnis laborum penatibus esse mollit sed. Eiusmod ornare parturient laborum incididunt reprehenderit velit dolore sunt vel aliqua velit veniam laborum penatibus massa. Sed curabitur deserunt elit curabitur hendrerit ridiculus qui labore.|Nunc magnis cupidatat anim ut cum dolore vel. Laboris hendrerit nascetur exercitation dolore natoque nascetur lorem blandit ipsum fugiat fugiat suspendisse culpa. Minim proident cillum irure elit culpa veniam occaecat qui cupidatat vivamus amet ut mollit sit. Id vestibulum ullamco magnis amet reprehenderit dolore id. Et velit proident dis sed ullamco consequat duis adipiscing in occaecat ullamco incididunt laborum nostrud excepteur. Aliqua aliqua consectetur non mus excepteur elit hendrerit culpa ornare curabitur in sagittis quis non officia. Qui fugiat hendrerit fugiat suspendisse sociis ad ullamco magna eiusmod.|Libero aliqua qui reprehenderit amet ea suspendisse enim deserunt. Veniam adipiscing laboris occaecat nunc eiusmod aliquip aute non nascetur vivamus magna. Dis eu cillum sit incididunt ut esse sapien natoque esse potenti dis consectetur. Ullamco hendrerit nisi sint aliqua est massa sociis ea ridiculus exercitation dolor mus officia vestibulum non. Dolore eiusmod ornare laboris sapien curabitur nostrud elit cum consequat vivamus laboris excepteur et. Ornare ornare magnis voluptate dolor eu nulla magna dis hendrerit excepteur nunc incididunt. Potenti parturient id tempor hendrerit esse vel excepteur lorem.|Aliquip natoque do blandit eleifend dolor blandit deserunt aliqua. Magna nostrud nisi voluptate eiusmod ut nostrud ipsum officia pariatur aliqua. Occaecat nostrud parturient suspendisse non et nisi natoque sint amet dolor penatibus amet. Amet in dolore sunt sunt vestibulum laborum qui nisi potenti vel id sint ridiculus.|Sed suspendisse laborum sed laboris deserunt blandit cillum montes incididunt. Magnis aute laborum anim ornare sociis velit dolor cillum ea esse et. Culpa tempor do potenti massa aliquip mollit massa excepteur irure reprehenderit qui occaecat. Duis ex potenti sunt ornare voluptate ornare occaecat minim anim elit dis non eu sunt. Aliquip sed velit laboris irure sunt est sunt potenti aliquip mollit consectetur enim incididunt proident. Blandit anim velit ullamco qui velit aliqua cum. Non magnis laboris parturient voluptate mus ex sed lorem mus irure tempor.;true
Pride and Prejudice;9780679783270;Jane Austen;279;Elizabeth Bennet navega el amor y las convenciones sociales en la Inglaterra rural del siglo XIX.;Romance;Consequat occaecat amet curabitur potenti commodo sapien sapien. In sunt officia vel irure voluptate enim et incididunt occaecat vestibulum. Vestibulum ut etiam id incididunt adipiscing ipsum vel eu voluptate etiam elit deserunt. Sapien natoque laborum dis officia velit in potenti duis ad in lorem fugiat hendrerit. Nostrud dis non sit sit eu consequat proident nascetur elit hendrerit excepteur sapien eleifend exercitation pariatur. Natoque elit cillum libero nascetur elit deserunt massa nisi amet ex ornare cillum pariatur cillum libero.|Nascetur massa ullamco sit dis eleifend hendrerit cupidatat consectetur cillum et amet etiam. Exercitation elit nulla sagittis exercitation tempor exercitation sapien. Libero culpa penatibus libero anim consequat et ornare. Eu massa sapien ex elit ut parturient ut fugiat etiam nunc. Anim hendrerit et non vestibulum amet quis potenti amet esse cillum. Eleifend eleifend excepteur duis curabitur cillum ut cum ipsum dis velit est nascetur est sit. Deserunt nascetur in magnis sapien ex nostrud sed mollit aute nunc eleifend libero proident magna ex.|Occaecat id vivamus ipsum sed do velit enim exercitation magna dolor sed parturient. Montes deserunt curabitur eiusmod sapien tempor anim natoque cupidatat ridiculus natoque. Veniam cillum parturient deserunt dis nostrud in penatibus nunc aliquip. Ornare nostrud consectetur duis etiam quis potenti dolore adipiscing mus. Culpa dolore fugiat incididunt nunc enim deserunt magnis vel do adipiscing.|Ipsum fugiat mollit lorem sit aute ut aliquip aute lorem curabitur nunc eu irure hendrerit. Sint lorem montes potenti eu non parturient commodo est. Amet etiam mollit commodo sagittis ex vestibulum blandit ullamco aliqua occaecat ridiculus anim ullamco. Natoque officia commodo elit officia libero incididunt magna vel sunt fugiat consectetur sint laboris. Nascetur potenti nascetur ipsum ex ex vel irure enim mollit excepteur parturient cum sint libero ad. Sit incididunt mollit cillum magnis amet curabitur tempor et.|Potenti sed qui vestibulum consectetur potenti eiusmod sunt qui consectetur aliqua ex. Aliquip ridiculus non incididunt vestibulum massa blandit sunt ex eiusmod incididunt reprehenderit laborum occaecat. Minim proident incididunt massa officia consequat labore sociis elit lorem dis curabitur sunt exercitation laborum. Laborum aliqua deserunt excepteur reprehenderit parturient culpa sit dolore fugiat montes officia ornare ea lorem.|Eiusmod excepteur sed commodo blandit sint enim nunc anim nostrud magna. Est ridiculus cillum et id sit mollit exercitation voluptate ex. Sit libero dis et ornare eu eiusmod natoque vel sunt aliquip magna id aliquip ornare. Ad minim reprehenderit magna natoque adipiscing proident amet voluptate enim culpa dolore consequat. Vel officia ridiculus aliqua tempor laborum consectetur incididunt sagittis esse et ex sociis culpa massa.|Sagittis elit sapien fugiat etiam sunt vestibulum exercitation hendrerit libero veniam aliquip proident natoque sunt ut. Reprehenderit sit etiam libero nulla in aute suspendisse. Velit minim cupidatat ipsum hendrerit montes tempor ullamco mollit. Ipsum id labore esse non proident ridiculus esse incididunt. Dolore cum officia curabitur lorem officia duis laborum excepteur ullamco eleifend laborum qui non.|Qui ex dis pariatur penatibus commodo amet duis esse. Commodo et cupidatat adipiscing curabitur aliqua mus minim. Mollit libero eleifend cum curabitur eleifend blandit nisi natoque. Est nostrud consectetur ea eu excepteur tempor curabitur est excepteur ullamco qui massa montes suspendisse parturient. Dolore sociis elit aute dolore nascetur adipiscing labore eiusmod.;true
The Kite Runner;9781594480003;Khaled Hosseini;371;Un hombre afgano intenta reparar los errores de su infancia marcada por la guerra y la traición.;Drama;Ut aliqua montes dolor reprehenderit est dis cillum reprehenderit libero ipsum magna ipsum suspendisse vestibulum. Mollit reprehenderit ex mollit aliquip sunt laborum vestibulum velit laboris tempor massa et quis eu ridiculus. Ut exercitation nascetur qui labore sint dolore et. Labore eiusmod etiam non voluptate consequat aliqua curabitur anim mus. Consequat sint labore laboris magnis irure fugiat ut esse nisi.|Ridiculus aliquip curabitur cillum ullamco parturient mus non ut cupidatat penatibus voluptate laborum hendrerit penatibus incididunt. Eiusmod dolor qui enim commodo aliquip culpa magna excepteur ornare nunc magna elit sagittis id nascetur. Aute fugiat culpa pariatur consectetur id aute vel in duis ipsum ea laboris velit cupidatat enim. Libero reprehenderit voluptate labore hendrerit natoque hendrerit reprehenderit vestibulum sunt incididunt laboris mus excepteur ex.|Lorem deserunt nostrud et esse non magnis magna vivamus. Occaecat sit vivamus vestibulum laboris cupidatat esse dolor lorem quis nascetur vestibulum. Tempor anim exercitation dolore penatibus mollit dolor blandit fugiat ridiculus sunt commodo eu voluptate quis. Ridiculus potenti consequat hendrerit ipsum quis proident ut esse laborum commodo amet commodo deserunt montes. Ullamco excepteur parturient pariatur blandit dolore sed eleifend. Aliquip nisi sagittis massa nostrud laborum commodo sint ea incididunt incididunt exercitation ornare reprehenderit magnis labore. Ut enim dolore natoque qui vivamus excepteur excepteur occaecat blandit eiusmod.|Eiusmod tempor ipsum ea laborum incididunt voluptate mus excepteur. Et laboris eleifend eiusmod tempor laborum est laboris aliqua mus in blandit eiusmod. Nunc blandit sit do massa pariatur consectetur eiusmod. Sit laboris lorem sed tempor culpa proident aliqua id dolor ut eleifend. Montes ea labore nulla hendrerit minim non sed proident ipsum enim magna. Et eleifend lorem hendrerit dis magnis sagittis cillum laborum dolore id do. Mus in pariatur irure blandit nisi esse pariatur fugiat commodo exercitation vel elit.|Duis esse libero est vestibulum ad irure mus in. Natoque suspendisse parturient consequat ipsum id id aute excepteur. Eiusmod aute laborum ridiculus libero natoque et commodo magna. Sunt etiam tempor vestibulum hendrerit exercitation vel proident nostrud massa deserunt. Commodo id montes mus pariatur ut velit eiusmod fugiat ad parturient dolor libero vivamus. Est ridiculus duis est ut qui sed adipiscing eleifend nunc massa aliqua anim fugiat quis. Suspendisse sint ipsum blandit etiam sociis eiusmod velit sagittis voluptate sit et anim.|Fugiat incididunt vel eu do id anim est non cillum. Nulla aute fugiat ridiculus qui ea mus nisi dolor amet. Ea libero dolor natoque ex sed ea commodo ea anim veniam mollit sunt. Cum eiusmod et sint sit anim in pariatur reprehenderit. Laborum proident mus consequat aute non suspendisse do. Ex nulla blandit ex qui commodo voluptate fugiat sagittis ornare vestibulum.|Quis ullamco non suspendisse officia nascetur vel proident sunt nostrud cupidatat excepteur. Aliqua massa mollit laboris suspendisse in sint aliqua irure officia velit blandit dolore ipsum. Sapien non enim nascetur libero cillum parturient excepteur qui nunc voluptate cupidatat officia excepteur commodo ut. Eleifend blandit vestibulum irure sapien magnis deserunt sagittis nostrud exercitation. Quis culpa irure eiusmod magna veniam vivamus esse cupidatat voluptate.|Labore incididunt quis suspendisse anim et sagittis nascetur eu ipsum sapien. Nisi ullamco consectetur montes natoque id sociis aute vestibulum. Minim non nulla eiusmod anim proident nunc excepteur fugiat sed. Nunc nisi vivamus libero suspendisse libero parturient enim do.;true
Divergent;9780062024040;Veronica Roth;487;En una sociedad dividida en facciones, una joven descubre que no encaja en ninguna categoría establecida.;Distopía;Voluptate veniam sunt fugiat consequat montes nisi in est nascetur sociis parturient. Cillum consequat laboris mollit penatibus sit libero massa amet magnis id veniam duis. Penatibus est sint minim voluptate lorem nascetur dis magnis laboris parturient blandit ullamco. Magnis officia sociis nunc irure sit sapien vivamus parturient cillum. Dis aliquip in magnis do labore quis consectetur reprehenderit hendrerit occaecat aliquip laborum blandit.|Massa incididunt irure officia nisi elit labore pariatur ridiculus vivamus blandit sagittis est massa nisi. Cum incididunt et sunt aliquip exercitation elit consequat aute consequat vestibulum non ipsum dolor cupidatat. Penatibus ridiculus magna curabitur et irure in quis sed consequat montes. Ipsum excepteur nunc dis vivamus fugiat ad aliqua montes. Exercitation fugiat tempor sapien culpa etiam exercitation id reprehenderit irure ut ullamco.|Qui penatibus consequat est esse lorem tempor aliquip laborum est vel. Libero quis sed consectetur aliquip minim penatibus etiam parturient ridiculus sunt eleifend amet veniam. Laboris aute consequat ridiculus cupidatat proident quis nulla dis sociis tempor nisi excepteur incididunt. Nisi mus fugiat ridiculus exercitation commodo in penatibus quis. Pariatur voluptate labore libero fugiat montes cupidatat dis deserunt voluptate magna amet. Sit quis curabitur voluptate etiam dis sit commodo curabitur eu.|Sagittis cum tempor sed cum dolore et nulla nostrud. Proident ridiculus excepteur non reprehenderit adipiscing nunc id sociis dolor est. Aute sunt montes vestibulum ut elit vivamus anim velit. Sunt lorem ridiculus anim montes aliquip hendrerit libero nascetur non enim amet. Aliquip amet adipiscing montes duis aute dolore nascetur sapien sed sagittis labore. Exercitation eleifend mollit eiusmod fugiat in suspendisse laboris est tempor anim vivamus pariatur fugiat. Cillum cupidatat in blandit suspendisse qui voluptate in sit ex esse ad est ut.|Officia excepteur ullamco voluptate penatibus cillum ut tempor penatibus vestibulum excepteur ullamco amet adipiscing amet do. Reprehenderit esse vel potenti ea proident nunc ipsum libero esse ornare vestibulum amet reprehenderit. Nisi hendrerit blandit velit suspendisse ex magnis suspendisse aliqua elit mus quis. Voluptate ipsum aute ipsum anim esse irure anim libero. Laboris potenti qui laborum nascetur id suspendisse elit incididunt magna potenti laborum dolore dolor eu. Mollit voluptate officia massa magna laboris esse cillum ipsum labore. Libero velit eu ipsum velit minim ullamco vivamus aute ex.|Mus sagittis libero sunt occaecat ullamco eu eu sunt qui est potenti eu vel. Ipsum non occaecat nostrud mollit natoque eiusmod officia mollit velit voluptate labore hendrerit cillum voluptate nulla. Magnis sagittis vel cillum sociis hendrerit aute reprehenderit parturient mollit commodo cillum ridiculus. Qui exercitation eleifend id tempor magna culpa do reprehenderit etiam.|Aliqua amet ipsum sociis commodo labore vivamus natoque dolor consectetur in. Eiusmod ad quis ex ea amet cum nostrud ut laborum pariatur. Curabitur dis voluptate esse vestibulum do do culpa ornare. Vivamus sit do officia cum penatibus labore ullamco voluptate. Fugiat cum ut commodo potenti tempor aliqua ridiculus nunc lorem vestibulum cillum exercitation et quis vel. Commodo anim ut eleifend reprehenderit ad suspendisse reprehenderit irure esse sagittis massa commodo dolor.|Vel pariatur adipiscing ex irure nunc voluptate aute. Anim deserunt penatibus consectetur officia vel anim pariatur. Reprehenderit sociis curabitur cum vel nisi ex vivamus penatibus culpa ut irure. Sociis officia qui voluptate ea potenti mollit nunc sociis elit sint. Hendrerit libero tempor etiam exercitation sed occaecat pariatur blandit labore dolor massa sunt minim.;true
1984;9780451524940;George Orwell;328;Un funcionario de un estado totalitario comienza a cuestionar el régimen que vigila cada aspecto de su vida.;Distopía;Mus do consectetur consequat officia ea amet mollit tempor ullamco libero velit mus suspendisse. Sagittis minim ullamco id potenti non incididunt consequat libero do pariatur magna ornare velit ut in. Elit consectetur sociis cillum velit consequat excepteur proident pariatur aute quis fugiat in voluptate. Hendrerit reprehenderit labore nulla eu esse ridiculus pariatur excepteur laborum velit dolor labore cupidatat magnis. Culpa irure eiusmod non sit ut consequat etiam laboris. Dolor incididunt ornare reprehenderit parturient laboris exercitation dolore libero lorem occaecat adipiscing amet eu laboris.|Ornare cillum vel culpa blandit nulla esse velit velit sapien aliquip massa anim. Duis penatibus ex amet id voluptate nostrud elit labore dolor officia nunc laboris mollit. Elit montes sint blandit nascetur pariatur eleifend nulla ipsum anim excepteur nascetur nostrud aliqua vivamus vestibulum. Elit sint nisi sunt fugiat parturient ex dolore dolor excepteur duis sed mus sint exercitation. Veniam sed laboris irure et qui aliquip dolor consectetur aute. Incididunt natoque quis parturient natoque amet minim sunt minim nulla nulla montes nostrud. Esse irure eu irure minim sociis nostrud nascetur id veniam occaecat ornare laboris.|Elit deserunt aliqua ridiculus consequat mus ornare sint in magnis velit lorem esse vivamus ullamco. Lorem parturient eu sunt vestibulum duis ea officia proident nulla. Labore sint adipiscing sed laborum vivamus hendrerit etiam. Aliqua nulla suspendisse sociis montes deserunt mus curabitur nostrud anim nisi aliqua nascetur aliquip. Mollit lorem cillum penatibus id reprehenderit natoque curabitur blandit sint. Sint natoque potenti velit tempor ridiculus consequat culpa duis. Tempor consequat magna lorem libero blandit est curabitur.|Potenti officia suspendisse enim mus ridiculus sit fugiat curabitur. Lorem mus deserunt do nostrud nulla et magna libero id culpa. Consectetur tempor consectetur quis non ad excepteur ornare magna est. Qui est sociis lorem in id mollit sagittis aliquip vestibulum irure eiusmod pariatur fugiat pariatur sit. Amet magnis excepteur nisi aute ex sociis suspendisse etiam ad laborum.|Magna aliquip consectetur officia dolor in dolor massa parturient vestibulum veniam. Minim ex amet ex massa parturient nunc qui blandit officia proident elit consectetur sit nisi. Ornare consectetur suspendisse amet culpa in do consectetur amet. Irure qui irure sapien ornare officia velit esse in qui do mollit id dolor.|Do ipsum vel sunt vestibulum penatibus tempor nulla ea eu qui. Minim massa consectetur nisi voluptate nascetur eleifend nisi sociis nunc. Cillum culpa ullamco ridiculus pariatur anim ut minim potenti cupidatat. Reprehenderit magna aliqua penatibus ornare ex id laborum. Sunt aliquip proident nascetur qui reprehenderit labore velit massa sit enim lorem ad ad officia. Eu nunc potenti suspendisse consequat irure vivamus lorem lorem commodo occaecat.|Voluptate officia magnis commodo ridiculus magna exercitation enim quis et sagittis veniam. Ipsum vestibulum penatibus ipsum id duis ornare do parturient laboris minim. Anim parturient ridiculus etiam sociis sociis consectetur incididunt dis massa magna duis consequat. Ridiculus veniam amet qui magna sint massa aliquip amet massa cum sagittis ridiculus sociis. Hendrerit ornare massa qui et duis sociis eleifend consequat pariatur dolore.|Laborum vel fugiat nostrud irure magnis proident sit enim aliqua sapien aute laboris sociis non parturient. Veniam elit eleifend ullamco pariatur ad sit pariatur ex velit in consequat fugiat. Duis dolore minim mollit commodo elit vestibulum pariatur deserunt ornare dis sed. Commodo occaecat ex id veniam eleifend nunc sagittis magna. Etiam eleifend libero magnis lorem ullamco vivamus ornare irure irure. Cillum pariatur blandit ut aute ad eleifend cillum.;true
Animal Farm;9780452284240;George Orwell;112;Los animales de una granja se rebelan contra los humanos, pero el poder termina corrompiendo a los nuevos líderes.;Clásico;Ex elit sagittis in parturient reprehenderit voluptate sagittis dolor incididunt cum laboris libero fugiat anim. Ex reprehenderit est irure ornare sint aliquip dolor ornare magnis ut montes aliquip. Mus aliqua aute sint dolore do non velit natoque sed do occaecat dolor laborum. Dolor magna magnis duis aliqua ullamco excepteur velit consequat lorem aliquip penatibus aute etiam tempor. Eu adipiscing montes sapien tempor aliqua in curabitur cillum culpa parturient proident nulla est. Aliqua etiam velit vivamus culpa veniam aliquip non fugiat esse sit sed. Ea vestibulum massa aute vivamus sagittis reprehenderit dolore qui in duis anim laborum sed laborum.|Sociis labore sociis sint anim adipiscing hendrerit penatibus penatibus reprehenderit blandit. Etiam adipiscing do blandit aliquip velit veniam nulla esse. Deserunt id esse ex aute magna sit veniam curabitur. Aliquip eleifend eu adipiscing occaecat minim montes incididunt potenti vestibulum.|Culpa et tempor libero et id ipsum nostrud. Commodo enim sit id enim laborum vestibulum potenti deserunt vel natoque aute laboris amet lorem. Nunc dis consequat minim sed reprehenderit etiam ex magna id enim sociis massa vivamus. Hendrerit sit pariatur potenti aliquip officia officia parturient aute in. Enim commodo et irure nisi aute esse consectetur potenti mollit consequat.|Irure nunc fugiat etiam vel massa dis non veniam sed aliquip. Est ridiculus laborum aliquip deserunt sociis nisi sagittis eu ex culpa proident duis deserunt. Nulla curabitur ipsum ipsum blandit tempor minim in minim elit incididunt. Ullamco ut aliqua sit dis sunt montes libero aliquip exercitation deserunt blandit pariatur ridiculus mollit.|Ad hendrerit ex aliqua amet magnis mus suspendisse. Culpa duis nisi voluptate lorem cum adipiscing magna deserunt incididunt aliqua. Et occaecat massa aliqua nulla in cillum labore magna. Et veniam exercitation velit deserunt nostrud ornare elit ridiculus aute et voluptate nulla libero. Potenti massa ipsum duis sagittis blandit magnis sunt ut hendrerit. Duis laboris exercitation cupidatat eu aliquip vel magna magnis lorem sapien hendrerit.|Irure reprehenderit aute libero duis laboris mus adipiscing sociis etiam tempor dis labore blandit nascetur. Nulla eu est laborum mollit dis libero minim sit potenti officia id laborum. Quis velit est veniam culpa montes vestibulum ipsum nunc deserunt. Aute proident penatibus pariatur dolore in vivamus veniam laboris ridiculus anim duis laboris reprehenderit. Do non massa potenti nostrud aliqua eleifend laborum lorem. Potenti lorem adipiscing laborum excepteur mollit hendrerit et consequat curabitur.|Dolore montes velit potenti dolore consectetur dolore blandit quis penatibus irure officia officia cum labore. Elit tempor consectetur dolor minim eu blandit lorem quis montes anim massa. Sed excepteur lorem culpa mus blandit dis cillum. Culpa ex est ex nisi minim commodo aute culpa ridiculus cum suspendisse lorem. Hendrerit sociis incididunt culpa cum exercitation laborum potenti consequat qui anim cillum reprehenderit dolore.|Deserunt cum ridiculus libero est minim eu libero. Ea parturient parturient cillum anim laborum do duis culpa. Cum cum ornare vel dolor fugiat elit vivamus etiam mus. Et velit eiusmod anim minim enim eleifend anim sed voluptate vel labore dis penatibus blandit. Vel anim montes id anim dis deserunt fugiat massa aliquip ad. Deserunt consequat vel libero duis deserunt cupidatat sapien suspendisse.;true
The Diary of a Young Girl;9780553296980;Anne Frank;283;El diario de una adolescente judía escondida durante la ocupación nazi de los Países Bajos.;Biografía y Memorias;Eiusmod elit sed libero parturient eleifend eiusmod consequat sagittis montes non lorem. Sunt magna duis in nunc massa parturient tempor. Do lorem sagittis nisi potenti ullamco enim est ut exercitation eleifend. Sunt laboris etiam tempor etiam curabitur eu vivamus. Ullamco nascetur consectetur suspendisse ut vel sagittis parturient ad libero dis nunc sapien hendrerit ullamco.|Occaecat ex est etiam blandit aute excepteur exercitation. Curabitur occaecat sed aliquip massa sapien amet parturient laboris mollit non. Laborum ullamco ut enim eleifend libero lorem hendrerit non est mus ut montes in vestibulum. Sed ridiculus dolore amet mus mollit sunt ridiculus. Veniam eiusmod aute laboris sunt et eleifend nunc etiam id sed esse potenti duis.|Ipsum eiusmod eiusmod deserunt penatibus ad proident mus eu laborum sed sunt duis. Ullamco tempor aliquip vel sapien sint irure curabitur aute potenti ornare excepteur consectetur vestibulum. Vel massa tempor eleifend nascetur natoque dolore sunt dolore occaecat suspendisse tempor tempor aliqua labore cupidatat. Elit tempor ullamco nascetur et ridiculus anim veniam. Montes pariatur ornare anim velit non laborum excepteur. Culpa nulla est anim amet sit incididunt sapien enim incididunt occaecat sunt nostrud. Adipiscing veniam duis penatibus irure elit veniam in laborum sint adipiscing hendrerit etiam laborum.|Cupidatat mollit pariatur labore potenti nisi ornare duis nascetur veniam nostrud excepteur est. Consectetur deserunt commodo ex nostrud cum ad lorem consequat ridiculus duis do dis et. Proident suspendisse sed ea non exercitation nostrud sed amet nisi eleifend dolore. Occaecat sociis irure sunt quis est vel anim incididunt non nostrud magnis deserunt consequat nunc est. Curabitur dolore mus massa nulla nostrud in parturient sociis potenti laboris sapien montes irure.|Deserunt adipiscing minim sed non elit exercitation dis suspendisse. Nascetur in nulla hendrerit eu pariatur etiam sociis. Irure qui penatibus eleifend vel curabitur eleifend minim libero. Est sit velit et dis blandit penatibus et consequat tempor ea amet fugiat et ridiculus ex. Vivamus sagittis sapien ullamco eu quis lorem officia aute dis dis. Vivamus sit esse qui eu commodo qui aliquip ea lorem natoque dolore ea do fugiat elit.|Tempor eu labore anim ad aute ullamco in dolore potenti do voluptate vestibulum labore. Eleifend lorem sociis curabitur do exercitation incididunt reprehenderit aliquip dolor anim montes nascetur. Eiusmod fugiat fugiat est tempor eleifend ornare aute hendrerit libero vivamus tempor. Massa tempor ex ipsum est amet vivamus in sunt. Voluptate ullamco eu blandit veniam ut pariatur veniam.|Etiam veniam potenti magna curabitur suspendisse curabitur nulla dolore etiam sunt deserunt. Eiusmod irure nostrud magna ut ipsum magna sapien duis excepteur curabitur. Enim in consectetur in amet do commodo parturient vel veniam natoque. Sit amet eleifend enim cillum penatibus do dolore montes commodo.|Sed ipsum occaecat sapien aliquip libero commodo ornare excepteur. Minim nostrud proident elit do officia culpa sit ridiculus sociis potenti magna velit. Adipiscing occaecat ex hendrerit etiam aliqua vel sit magna. Vel natoque blandit sagittis cupidatat ea commodo officia eiusmod voluptate eu excepteur montes massa et nostrud. Ullamco nascetur consectetur ridiculus magna potenti fugiat excepteur pariatur adipiscing. Eleifend duis ornare irure nostrud dolore labore enim laborum sociis massa velit curabitur excepteur laboris.;true
The Girl with the Dragon Tattoo;9780307269750;Stieg Larsson;465;Un periodista y una hacker investigan la desaparición de una mujer décadas atrás.;Misterio y Thriller;Curabitur occaecat et amet minim sit ut sociis dis nostrud massa deserunt. Etiam aliqua eiusmod mollit officia ridiculus aliquip montes sociis quis incididunt. Aliquip consectetur potenti vivamus enim nascetur et ridiculus sint mus ornare ornare. Hendrerit est montes quis officia culpa aliqua voluptate aliquip. Proident suspendisse eleifend labore ad hendrerit consequat penatibus sed dolore dolore.|Non parturient dolore exercitation laboris sociis potenti est dolore incididunt in. Penatibus ridiculus do excepteur hendrerit suspendisse culpa duis ipsum vivamus blandit mollit sit veniam elit. Parturient sunt massa lorem massa sint potenti sagittis elit incididunt. Potenti laboris eu minim sint nostrud sint ipsum amet occaecat do sociis reprehenderit lorem ad. In ut mollit ad sociis duis sociis vivamus eiusmod et do.|Commodo qui eiusmod dis magnis natoque culpa dolore excepteur sunt est ut. Officia exercitation cum nostrud fugiat consequat quis penatibus massa ornare sapien mus. Nisi aute vel ornare eu adipiscing proident nascetur exercitation sed. Dolore duis nisi in laborum reprehenderit massa ex suspendisse mollit.|Reprehenderit fugiat sint excepteur potenti duis proident reprehenderit proident laborum eleifend curabitur minim lorem. Commodo cillum incididunt do magnis commodo sagittis ornare. Ullamco incididunt sagittis ridiculus magnis minim vivamus consectetur incididunt nascetur. Consequat dolor nascetur consequat curabitur anim adipiscing vestibulum cum dolor. Incididunt veniam ipsum vivamus reprehenderit blandit cillum incididunt excepteur montes cillum hendrerit voluptate.|Eiusmod consectetur deserunt culpa et labore aute in montes velit vel quis. Laboris ad dis nostrud sed consequat montes libero irure consectetur aute vivamus ridiculus culpa adipiscing laborum. Nisi deserunt vivamus labore suspendisse mollit magna do elit culpa sagittis dolor exercitation sint consectetur. Blandit laboris occaecat deserunt dolor nostrud ridiculus cupidatat.|Amet sed laboris mus eleifend nascetur nulla nisi. Hendrerit ridiculus curabitur sed irure libero do suspendisse ut proident duis proident sagittis ullamco. Est elit officia montes ad enim est incididunt vel etiam. Pariatur hendrerit mollit dis ex ornare ex commodo sapien in natoque nunc duis aliqua culpa adipiscing. Non etiam sed ipsum blandit laboris cum massa natoque fugiat. Nisi parturient labore exercitation commodo sed dolore nunc quis cillum quis cum mollit incididunt tempor. Sit sapien irure sapien magnis tempor consequat sagittis montes consequat est nulla quis cum est.|Laborum cupidatat ut do consequat non sagittis ad cum id ea. Deserunt penatibus esse elit hendrerit magnis dis nunc magna aliquip nisi etiam eu curabitur cillum. Velit occaecat montes ut enim non mus nunc consectetur suspendisse massa mus. Amet cum montes est nostrud deserunt elit adipiscing irure ullamco vel.|Enim natoque dolore amet natoque in nascetur ullamco magna parturient eu sint ornare nascetur voluptate magnis. Vivamus cupidatat natoque magna hendrerit proident ut anim vivamus libero vivamus hendrerit ipsum natoque. Fugiat nisi massa id quis hendrerit mus parturient sapien deserunt. Sit eleifend dolore laborum nunc culpa enim aliqua magna. Consequat commodo laboris laboris potenti tempor fugiat etiam. Irure ea sint excepteur blandit eiusmod et in et sunt sint duis sagittis est. Deserunt curabitur parturient penatibus sed elit vestibulum sed ipsum dis do eleifend officia occaecat.;true
Catching Fire;9780439023498;Suzanne Collins;391;Katniss debe enfrentar las consecuencias políticas de su victoria en los juegos anteriores.;Distopía;Proident dolor ullamco reprehenderit ad velit duis magna cillum tempor ridiculus magnis reprehenderit potenti curabitur libero. Parturient ornare nulla nostrud anim laboris penatibus penatibus. Lorem penatibus dolor dolor massa vestibulum pariatur libero nisi et non. Minim ridiculus magna deserunt vivamus suspendisse proident tempor deserunt ridiculus et penatibus pariatur voluptate. Curabitur tempor eiusmod non aute blandit magnis vestibulum labore. Aliqua sed voluptate officia sunt dolor curabitur magnis elit duis libero tempor velit. Dolore mollit enim magna vestibulum hendrerit suspendisse duis quis amet elit incididunt dolor.|Esse sunt do exercitation natoque sed fugiat commodo vestibulum. Do massa reprehenderit eu officia aliqua reprehenderit natoque deserunt velit labore ullamco penatibus anim. Eiusmod ex ea etiam sunt lorem pariatur veniam. Magna dolor dolor pariatur ut cum eiusmod enim aliquip.|Hendrerit parturient nostrud eu montes ea occaecat ullamco eleifend. Voluptate montes dis veniam magna sagittis vel nascetur do massa proident labore aliqua vel voluptate. In eleifend potenti officia culpa in non consequat officia consectetur et sit pariatur proident ullamco. Ea dolor dolore aliquip massa commodo adipiscing anim consequat ornare tempor nisi lorem aliquip esse massa. Cupidatat duis culpa excepteur do exercitation culpa sociis sapien adipiscing natoque.|Nisi nisi magna suspendisse fugiat etiam reprehenderit tempor et aliquip duis non exercitation deserunt. Magnis exercitation vestibulum irure natoque magnis sit mollit. Cillum vivamus reprehenderit laboris nisi ea elit nunc fugiat. Aute laborum velit sagittis ridiculus eiusmod consequat qui. Ad vivamus incididunt etiam sapien hendrerit ad elit. Potenti sint lorem est amet sociis sit amet laboris quis est massa duis. Dis proident eiusmod nisi ut proident sagittis natoque deserunt id.|Anim ridiculus nisi hendrerit ad quis ullamco elit cupidatat cum anim libero aliqua elit ridiculus. Enim id cillum duis eu ex potenti blandit. Sapien blandit nisi velit ut nulla magnis enim commodo ridiculus cum pariatur ornare dolore exercitation labore. Montes non do esse do do ipsum esse nostrud cillum excepteur ea. Dis elit in ut nulla nulla amet nostrud sed.|Magna magna et nostrud culpa pariatur do amet veniam do eiusmod natoque non minim. Do ad qui vel aute do libero sociis nostrud aliqua ornare ea exercitation sunt libero sed. Penatibus qui libero sagittis est et est labore aliquip velit nascetur anim in ipsum ridiculus sociis. Est sagittis sunt ridiculus proident eu veniam do potenti non. Vestibulum excepteur et ut sed laboris libero velit libero etiam quis eu. Esse vivamus laboris ex pariatur anim sapien vestibulum eu nostrud pariatur deserunt ut. Sapien anim incididunt fugiat minim libero ridiculus commodo libero magna montes deserunt nascetur cum.|Et penatibus ea aliquip sunt montes nostrud magna proident curabitur vestibulum tempor massa cupidatat massa ea. Ridiculus fugiat est esse ut ridiculus officia anim laboris. Consectetur ullamco velit enim vivamus tempor eu lorem ea vestibulum amet incididunt. Ornare nulla nascetur cupidatat montes vel incididunt hendrerit in magnis ullamco dolor. Veniam est duis aute penatibus natoque magnis sunt et voluptate cum suspendisse incididunt. Veniam reprehenderit magna laboris ullamco dis esse dolore ornare vestibulum sed. Voluptate nisi parturient vel cillum in reprehenderit irure dolor cupidatat nascetur reprehenderit blandit qui laboris minim.|Qui natoque sociis amet sagittis tempor id esse blandit pariatur. Elit nostrud mus do sunt potenti cupidatat laborum. Eiusmod proident nulla vel curabitur pariatur cupidatat ridiculus. Ad id sagittis laboris laboris etiam lorem eu est eiusmod. Ut sociis pariatur veniam do dolor nulla aute. Ullamco eu dolore minim sagittis quis qui voluptate anim.;true
Harry Potter y el prisionero de Azkaban;9780439136365;J.K. Rowling;317;Un peligroso prisionero escapa de la cárcel mágica y parece estar tras la vida de Harry.;Fantasía;Ut ipsum incididunt eleifend minim pariatur laborum aliqua eu ullamco do proident consequat nostrud. Laborum do reprehenderit in dolor esse cupidatat lorem laboris mollit natoque qui sit penatibus. Cillum hendrerit nostrud mus commodo sapien nulla ea curabitur aute. Et ut anim cupidatat esse sapien incididunt ornare anim.|Magnis mollit consequat cillum anim non dis nunc excepteur. Laborum proident proident proident vivamus adipiscing dolor hendrerit ad anim. Parturient cillum blandit mus suspendisse hendrerit minim natoque et natoque blandit reprehenderit consectetur qui eiusmod. Voluptate consequat officia dolor et do velit tempor deserunt. Magna veniam voluptate exercitation aliqua labore potenti suspendisse magna proident officia id aliqua suspendisse natoque commodo. Non sapien ex est nascetur hendrerit excepteur magna aliqua vivamus nulla commodo natoque sagittis. Voluptate officia cum non tempor pariatur do fugiat amet.|Ad parturient dis veniam curabitur adipiscing cum ridiculus. Sint minim pariatur qui nisi qui occaecat natoque proident. Mollit dolor reprehenderit aliqua sociis consectetur aliqua potenti aliquip blandit magnis consectetur. Adipiscing montes penatibus curabitur blandit sit mus montes sunt qui elit occaecat montes nostrud sit. Fugiat ad ea cillum ornare cum ad dis. Nunc potenti sint sapien est libero occaecat amet.|In in incididunt voluptate natoque mus consequat magna voluptate consectetur. Sed lorem reprehenderit eleifend suspendisse sint amet suspendisse cum veniam consectetur. Tempor dolore sit ea mollit minim ullamco culpa. Anim anim adipiscing parturient aliqua curabitur potenti natoque sapien voluptate laboris consequat occaecat cum minim. Nisi sint do ea irure montes eu elit magnis vestibulum pariatur laboris. Aliqua consequat potenti incididunt mus laborum mollit velit eiusmod fugiat sit exercitation duis vivamus elit exercitation. Fugiat sapien duis sit aliqua dolore in amet laboris sint ea dolor culpa natoque.|Blandit ex vivamus voluptate in hendrerit libero consectetur do duis vel. Sapien parturient esse non non pariatur labore duis eleifend dis tempor ipsum. Elit veniam sint ex aute qui commodo anim ornare suspendisse culpa tempor. Vestibulum sagittis voluptate ipsum lorem sit commodo deserunt cupidatat irure proident elit natoque. Nisi consectetur dolore blandit nostrud cum tempor officia ut qui amet eiusmod sit est sapien proident. Occaecat ad montes etiam ridiculus ipsum sagittis sagittis.|Ea adipiscing voluptate nulla minim aliquip consequat vivamus reprehenderit deserunt cum. Dolor culpa commodo ridiculus natoque consequat parturient ullamco dolor consequat. Dis magnis dolor culpa suspendisse nulla ornare nulla proident ex enim vivamus. Anim ut blandit mollit montes nascetur etiam cupidatat.|Hendrerit sagittis excepteur amet cillum excepteur voluptate nostrud vestibulum ullamco minim minim nunc commodo esse eleifend. Laborum velit nascetur irure elit cupidatat adipiscing commodo eu. Velit reprehenderit non vivamus tempor sint nunc irure proident incididunt quis. Ex eiusmod irure nulla ut fugiat sociis magna dolore velit et reprehenderit. Vel cillum do cum vestibulum dolor et adipiscing pariatur excepteur duis in tempor laborum minim ullamco. Natoque natoque sunt qui etiam amet libero ea velit irure velit vestibulum ullamco. Curabitur libero hendrerit sunt potenti nulla ut lorem sunt id velit nisi et hendrerit exercitation.|Ullamco ex cupidatat natoque proident vestibulum in aliquip nisi dolore incididunt. In exercitation sociis nisi ea labore exercitation eu ad et parturient. Mus eleifend dis anim incididunt aliqua vestibulum eleifend dolor penatibus nascetur sint. Lorem vivamus dolor aliqua parturient non hendrerit pariatur vivamus ullamco do.;true
The Fellowship of the Ring;9780618346260;J.R.R. Tolkien;423;Un grupo heterogéneo emprende un viaje para destruir un anillo capaz de dominar el mundo.;Fantasía;Sociis fugiat elit incididunt exercitation id ridiculus suspendisse libero ad adipiscing labore ex velit libero. Curabitur nisi dis voluptate dis massa nisi vestibulum anim. Montes officia veniam proident cum enim magna cillum. Potenti libero exercitation magna cum montes sapien eleifend lorem adipiscing cupidatat aliqua dolore reprehenderit quis.|Deserunt eu anim dolore laboris ad ullamco eu massa aute commodo. Ullamco enim nascetur natoque blandit reprehenderit velit veniam in et nascetur anim ea aute tempor. Vestibulum sapien culpa est dolor nostrud enim sagittis irure cupidatat aliquip id reprehenderit suspendisse in. Magnis nostrud hendrerit ex potenti laboris irure non labore aliqua officia montes. Tempor sint montes ipsum duis ornare aliquip ea blandit consectetur amet aliqua sint. Vestibulum aute vel ullamco labore consequat reprehenderit occaecat veniam ipsum. Eleifend excepteur nulla massa sit exercitation dolor officia.|Nostrud tempor ornare mollit tempor libero nostrud elit. Nulla curabitur hendrerit ipsum libero sint magnis sed proident. Magna culpa nisi aliquip pariatur dolor nostrud aliqua quis anim cillum ullamco sed ridiculus. Exercitation exercitation curabitur nulla duis etiam hendrerit montes blandit vel velit proident dolor nunc velit cillum. Deserunt aliquip suspendisse ridiculus sed et sapien fugiat veniam.|Qui cillum hendrerit cupidatat ad nunc veniam nisi ex ut nisi cupidatat irure lorem. Eleifend massa occaecat nisi mollit nisi curabitur pariatur sapien etiam elit. In adipiscing tempor ipsum pariatur eiusmod magna cum eiusmod. Fugiat officia excepteur incididunt cum reprehenderit lorem eiusmod etiam vel sociis nostrud aliquip natoque. Incididunt excepteur aliqua qui vel pariatur veniam esse parturient dis.|Excepteur vivamus lorem reprehenderit ut adipiscing ridiculus nisi dolore laborum. Esse sed officia sunt adipiscing deserunt sociis ea ipsum magna exercitation magnis in hendrerit consequat nunc. Cupidatat deserunt aliqua sunt do enim dolore cupidatat tempor excepteur mollit duis. Nascetur libero qui penatibus aliqua lorem ad enim dis qui incididunt cillum. Aliquip natoque amet pariatur voluptate anim aliquip nulla.|Cupidatat consequat duis cillum nisi pariatur excepteur sociis vestibulum montes montes. Vel vestibulum cupidatat fugiat massa est cupidatat voluptate ea dolor commodo esse. Hendrerit enim cupidatat etiam parturient duis dolore eleifend lorem voluptate excepteur lorem laboris. Penatibus magnis nulla ipsum nostrud mollit deserunt aute etiam.|Officia ridiculus vivamus sapien dis etiam officia fugiat cillum cum eleifend suspendisse. Consequat qui vel curabitur et sagittis elit vestibulum. Consectetur deserunt consectetur sed sint mus magna qui ipsum. Natoque et mus vel commodo ipsum anim reprehenderit id consectetur magna blandit ut. Elit voluptate nostrud magna nulla et eleifend vestibulum lorem nostrud ea ex. Cupidatat esse eiusmod sed hendrerit dolore sunt nascetur nunc.|Deserunt esse cum parturient laboris est parturient sapien eleifend libero laboris. Curabitur dolore incididunt nisi ad dolore sociis et ullamco laborum quis fugiat proident ea. Velit officia vivamus sit vestibulum duis sint aliqua curabitur ea suspendisse massa aliqua laborum nulla vivamus. Sed nunc quis cillum dolor eiusmod anim dolore incididunt proident consequat duis.;true
Mockingjay;9780439023511;Suzanne Collins;390;Katniss se convierte en el símbolo de una rebelión contra el gobierno opresor de Panem.;Distopía;Curabitur officia cum lorem reprehenderit ex mollit do magnis laboris cillum dolore ipsum. Sunt laborum hendrerit cillum minim hendrerit culpa eu irure sit dis minim parturient dis do. Nunc montes irure dolor pariatur dis sociis nascetur parturient magna ridiculus eleifend tempor aliquip. Ridiculus laboris blandit suspendisse esse labore lorem ut.|Laboris dolore sapien voluptate hendrerit ut occaecat nunc lorem labore sed occaecat. Laborum magnis id vivamus curabitur blandit sed tempor blandit incididunt nunc natoque potenti hendrerit. Sunt sint ea id ridiculus dolor sociis dolore minim commodo nulla lorem sunt aute. Mollit incididunt dolore enim voluptate ex mollit in exercitation. Id eu quis montes dolore aute pariatur do suspendisse ea hendrerit anim irure suspendisse.|Tempor nulla est ipsum mollit id in amet in libero eiusmod suspendisse penatibus. Consequat cillum ex sint commodo ornare mus excepteur duis id ut ex parturient sunt magna potenti. Voluptate esse sit cum esse amet sunt consequat in id nunc dolor nostrud ullamco reprehenderit. Aliquip deserunt sunt commodo sit libero veniam elit sed hendrerit officia in nostrud ridiculus laborum. Magnis penatibus dis potenti non sit aliquip sit culpa hendrerit potenti.|Pariatur hendrerit ex deserunt laboris irure dolore eleifend vel libero elit magnis nascetur massa. Etiam qui sint massa laborum amet non enim parturient nostrud est dolore. Id culpa penatibus est nostrud irure ipsum reprehenderit tempor nostrud sunt ridiculus nisi enim ipsum aliquip. Qui hendrerit culpa esse reprehenderit sunt sint cillum cupidatat.|Nisi vivamus ut sagittis fugiat excepteur et aute irure anim non elit eu. Elit eleifend excepteur laboris eleifend velit cillum labore proident officia cupidatat reprehenderit blandit. Cupidatat fugiat minim magnis tempor culpa sagittis sed enim etiam non dolore. Nunc mus mus occaecat ea enim penatibus exercitation nunc officia. Nulla excepteur ad irure blandit exercitation dis labore cum irure lorem vivamus blandit. Est sed proident reprehenderit reprehenderit dolore dolor ad culpa nulla.|Montes aliquip veniam non cillum sed consequat libero sociis mollit occaecat sapien sagittis labore. Hendrerit minim cillum vel magna tempor consectetur dolor non esse est voluptate minim. Ridiculus nulla eiusmod culpa aliquip magnis labore esse nascetur lorem. Est irure pariatur cillum duis ornare nascetur sociis.|Vel voluptate vivamus consectetur potenti vivamus hendrerit sit aute dis officia voluptate ornare do sagittis blandit. Vel commodo anim incididunt minim eu quis aliquip laborum. Natoque fugiat veniam quis ullamco velit ornare laborum non sunt blandit ut exercitation enim consequat. Vel laboris vel non laboris vel id ut suspendisse tempor culpa sapien quis.|Sagittis proident ut ipsum commodo nulla cum pariatur. Qui et ex labore sagittis nisi consequat sapien eu et excepteur et natoque ipsum montes. Ad aliqua ut culpa hendrerit eiusmod magna fugiat non deserunt ipsum eleifend potenti. Natoque libero commodo dolor officia montes nulla nostrud nascetur sagittis sint elit massa velit excepteur veniam. Laborum mollit veniam laborum esse sit culpa occaecat sed magna.;true
Harry Potter y la Orden del Fénix;9780439358070;J.K. Rowling;870;Harry forma un grupo secreto de estudiantes para aprender a defenderse ante la amenaza que se avecina.;Fantasía;Excepteur consectetur ad proident proident esse sint ornare nisi deserunt. Eu voluptate cillum sed sunt sunt ullamco lorem in penatibus vel. Nunc magna suspendisse qui esse lorem eleifend culpa fugiat et nulla pariatur montes ullamco cum. Ex est nulla officia eiusmod blandit dolore lorem natoque nulla fugiat.|Blandit id sed sapien ex est vivamus magna do. Enim nulla nisi excepteur do laboris culpa non ut labore blandit. Sagittis culpa labore nascetur mus mollit ornare ornare nostrud dis. Parturient vestibulum consequat laboris hendrerit vivamus nisi laboris cupidatat blandit lorem parturient amet irure mollit. Ridiculus nunc ipsum curabitur aliqua vel ullamco consequat nisi massa.|Cupidatat magna enim nulla sapien do minim aliquip eu vel cillum ridiculus amet anim est penatibus. Veniam mus proident consectetur consectetur ex sint voluptate exercitation cillum sociis adipiscing ridiculus hendrerit vivamus. Sunt non cupidatat voluptate aliquip occaecat anim cupidatat potenti laborum. Nunc adipiscing ornare vel nisi sagittis penatibus velit sociis dolore. Ad commodo magna ridiculus quis culpa dis incididunt deserunt in suspendisse massa vivamus consectetur etiam. Ipsum voluptate dolor nulla massa massa fugiat non deserunt libero cupidatat ridiculus ornare.|Sagittis elit dis culpa etiam eleifend nunc in nostrud velit sociis libero mollit adipiscing mollit ex. Ornare libero montes natoque irure ullamco officia aute lorem aliquip ut sapien proident nunc excepteur mollit. Nunc non ea sociis cum ut nunc aliqua dolore dolor culpa. Ornare sint montes aliquip nisi ad aliqua laboris. Etiam ad magnis nunc dolor cum parturient tempor montes dolor cum sagittis aliqua amet.|Magna nunc sunt tempor ridiculus nulla proident pariatur labore aliqua parturient libero commodo etiam. Magna mus massa commodo veniam eiusmod esse lorem suspendisse irure sapien ea montes vestibulum. Montes mollit ad curabitur mollit suspendisse cum ipsum nascetur hendrerit natoque amet sagittis et. Tempor labore laborum blandit consectetur suspendisse sapien anim. Qui vivamus reprehenderit et pariatur ut suspendisse id commodo dis ornare dolor aliqua. Officia penatibus quis nisi ornare aliquip sociis sit cum magnis amet consequat sunt excepteur. Do ea ad reprehenderit consectetur ridiculus esse reprehenderit natoque voluptate.|Cillum natoque quis aliquip sint nascetur id sed fugiat vivamus non tempor. Tempor parturient ad elit sed irure sociis do ad dolore anim aliquip ridiculus id pariatur non. Blandit tempor reprehenderit anim proident parturient sit penatibus duis amet magna dolore. Deserunt vestibulum minim aute ipsum eu sapien dolore cum ridiculus.|Etiam velit quis voluptate eleifend mollit pariatur ex etiam dolore ex cum nunc esse sed. Blandit quis ornare in dolor sint sed ridiculus vivamus eiusmod vel tempor ea. Voluptate mus elit cum nulla aute parturient etiam magna vestibulum enim ipsum libero ea culpa. Cupidatat excepteur amet excepteur sint laborum etiam et labore est. Vestibulum eleifend ut parturient culpa sapien exercitation nascetur montes ullamco penatibus. Natoque cillum incididunt parturient lorem veniam cupidatat nisi dis qui nascetur consectetur irure incididunt. Blandit suspendisse montes minim ornare mollit aute magna vestibulum adipiscing.|Natoque tempor libero parturient ut voluptate id blandit lorem eiusmod. Excepteur nunc sunt ad voluptate vivamus sint culpa ut sociis eleifend vel. Montes sit vestibulum veniam officia in et curabitur sapien eu ullamco excepteur. Etiam culpa sunt commodo cum anim vestibulum nascetur reprehenderit. Sapien exercitation hendrerit nostrud veniam nulla reprehenderit vestibulum mus. Ipsum vel eu proident enim voluptate quis etiam vivamus.;true
The Lovely Bones;9780316166683;Alice Sebold;328;Una adolescente asesinada observa desde el más allá cómo su familia intenta superar la tragedia.;Drama;Culpa cupidatat culpa cum id sit do vestibulum deserunt sed sed ridiculus minim proident curabitur culpa. Vel sit mollit voluptate esse sapien sit aute suspendisse libero in penatibus enim dolore. Sed magnis suspendisse hendrerit sagittis veniam potenti ex ridiculus veniam velit amet esse. Nunc labore cupidatat sapien mollit libero eleifend ornare et fugiat elit ea. Libero vestibulum ad vivamus do vel deserunt nisi fugiat dolore duis quis curabitur ea suspendisse natoque. Nascetur aliquip eiusmod proident penatibus curabitur cupidatat blandit sint aute. Magna sed sunt cum irure quis vel excepteur aute.|Sagittis libero cum massa qui ridiculus aliquip ad vivamus. Occaecat id nostrud fugiat vivamus mus veniam ad mollit enim ipsum. Nascetur sapien eu voluptate cupidatat etiam magna dolore pariatur aute non. Eleifend curabitur mus suspendisse quis consequat penatibus parturient nisi commodo nascetur incididunt sapien mus. Massa proident sed magnis mus curabitur sint do vivamus ad ea. Potenti ad nostrud vestibulum esse voluptate sunt consectetur etiam ipsum velit mollit natoque cillum curabitur consectetur. Consectetur vel non montes hendrerit vel fugiat curabitur parturient mus enim velit sint.|Ad massa nulla irure blandit mus proident sapien ridiculus amet eleifend proident nunc. Qui excepteur hendrerit hendrerit veniam culpa blandit dolore dolore. Hendrerit aliquip sed irure curabitur est suspendisse duis cillum sagittis dolore nisi et in veniam. Dolore irure ad mus officia ex eleifend excepteur ipsum. Mus consectetur consequat et nascetur excepteur lorem duis. Suspendisse non consequat adipiscing et deserunt fugiat sint.|Cum magnis sunt non natoque curabitur sociis et ut. Dolor sit sint nascetur parturient suspendisse nisi ullamco ea dolore pariatur penatibus fugiat culpa etiam. Parturient dis occaecat duis velit eiusmod occaecat ex commodo minim potenti dolore irure. Consectetur mus eu vestibulum anim eleifend sunt sagittis sed mollit magnis cupidatat curabitur. Aute occaecat aliqua nisi velit magna parturient in voluptate elit dolor do cupidatat culpa laboris etiam. Nunc laborum excepteur sit montes laboris proident penatibus sint deserunt libero sint.|Duis ea sint vivamus est voluptate nulla sagittis nulla est amet enim. Montes natoque vel adipiscing aliqua aliqua deserunt ipsum magnis aliqua laborum dis lorem minim potenti. Mus mus vivamus consequat vestibulum amet incididunt veniam id sociis in non sapien. Aliqua sociis libero nostrud laborum reprehenderit reprehenderit exercitation penatibus potenti eu culpa.|Laborum velit anim ad deserunt eiusmod penatibus eu. Sint et libero montes vel laborum exercitation exercitation sagittis quis. Aute sociis aliqua elit sagittis aliqua pariatur sit eu. Ad vivamus dolore blandit suspendisse minim qui voluptate incididunt. Anim nulla ridiculus nunc hendrerit sit ipsum ut. Magnis ea aliqua deserunt aute ut ullamco consectetur dolore magna anim voluptate. Adipiscing veniam excepteur cupidatat incididunt nascetur consectetur est irure sint qui et dis consequat incididunt.|Lorem lorem consectetur duis non sapien blandit sit occaecat ipsum vivamus. Parturient mollit exercitation qui velit eleifend est qui ea mus velit magnis ut sint commodo. Exercitation hendrerit nascetur duis quis labore libero in ullamco sit. Curabitur sint ad irure vestibulum ea parturient reprehenderit reprehenderit libero voluptate duis commodo aliquip.|Hendrerit aliqua enim magna magna cum anim qui penatibus occaecat. Consequat laboris aute cillum sint velit penatibus nascetur cum reprehenderit magna ex natoque anim. In parturient dolor aliqua non et mus est nunc deserunt non suspendisse ut nisi veniam libero. Nisi dis qui libero cum id ornare elit lorem sapien amet sagittis nisi penatibus aliqua. Nascetur laboris consectetur officia nisi penatibus velit ex et laboris. Labore sociis labore eiusmod penatibus irure cupidatat officia laborum exercitation sagittis veniam eiusmod montes penatibus sed. Incididunt duis duis et ipsum est potenti dis.;true
Harry Potter y la cámara secreta;9780439064870;J.K. Rowling;341;Una serie de ataques misteriosos amenaza Hogwarts y Harry debe descubrir su origen.;Fantasía;Natoque ridiculus montes non sociis mus sociis adipiscing incididunt laboris aute ut etiam massa id. Ullamco massa ornare ea mus fugiat qui sunt etiam commodo veniam pariatur mus. Fugiat penatibus amet minim laboris velit in sit. Anim aliquip dolor cum dis lorem non laboris magna cillum duis laborum nostrud consequat consequat. Sagittis ornare irure ex parturient vel occaecat eu nostrud magnis magnis elit anim nisi nulla eiusmod.|Minim et consectetur non minim elit adipiscing hendrerit libero. Cum qui labore officia cum esse cum ornare do eiusmod curabitur magna eleifend. Dolore vel sed in est aliqua vel duis officia. Cillum magna mus culpa dolore exercitation id sapien consectetur dolore lorem. Ridiculus quis sociis non magna tempor blandit dolore sagittis blandit.|Aute vestibulum ullamco reprehenderit deserunt enim veniam ea minim lorem. Exercitation labore consectetur fugiat penatibus consectetur blandit in id natoque velit ridiculus. Nisi nunc magnis laborum culpa nascetur non hendrerit nisi. Libero eu fugiat blandit nisi etiam magna proident sit ea esse esse dis. Esse natoque velit incididunt eleifend reprehenderit dolor incididunt nisi etiam officia aute ipsum massa.|Sunt dolore sed aute ut ex ipsum aute laboris montes. Nostrud magna culpa fugiat voluptate sagittis eu anim ea do montes curabitur culpa incididunt pariatur fugiat. Reprehenderit ipsum laboris labore officia est in eiusmod tempor exercitation hendrerit. Consequat ridiculus consectetur velit reprehenderit aliqua aliquip minim cum nisi. Ornare occaecat non aliquip magna tempor nisi officia ridiculus ad sunt minim potenti eu cillum.|Nulla sed eleifend officia elit fugiat culpa natoque nascetur quis velit nunc massa. Vel commodo nunc cillum ad lorem commodo qui cupidatat ornare nascetur eu. Culpa sint vivamus mollit nascetur sunt eiusmod libero libero magna massa exercitation massa. Curabitur sagittis ullamco aliqua ullamco dolor deserunt reprehenderit consequat nunc etiam velit duis labore.|Do nostrud nostrud curabitur velit labore tempor nascetur tempor cum occaecat consequat nisi. Occaecat officia mollit aute aliquip vestibulum sit exercitation cupidatat non sociis consectetur vel tempor. Dis incididunt do labore vel sed commodo commodo elit. Eleifend fugiat occaecat excepteur deserunt aute ut vivamus potenti velit eiusmod magnis quis. Consectetur est dolor deserunt laborum eu sit blandit montes montes incididunt. Aliquip blandit id ipsum blandit fugiat id laborum occaecat sit sunt aliqua proident. Ea elit sociis nulla vivamus aute ut lorem.|Cupidatat nulla labore aliqua culpa ex aliquip quis eiusmod exercitation dolor culpa. Nunc aliqua eiusmod duis do dis aliqua blandit libero ullamco laborum enim sunt laboris esse mollit. Non sociis veniam nulla laboris enim dolore ex fugiat vel vel. Mus culpa labore fugiat cupidatat exercitation mus sapien veniam qui sociis sagittis qui sapien montes. Laboris duis non labore amet enim magna in. Adipiscing reprehenderit dolor nunc natoque laboris quis dis sociis suspendisse aliqua magnis libero.|Et eiusmod hendrerit velit sociis laborum nostrud dolor cupidatat consectetur laborum enim aute consequat sit. Vivamus reprehenderit ridiculus non sit consectetur nunc exercitation exercitation eu suspendisse dolor nostrud cum. Laborum suspendisse etiam sit cupidatat sapien cupidatat curabitur massa vel libero. Commodo sunt esse cillum labore anim consequat occaecat ut libero ea et.;true
Harry Potter y el cáliz de fuego;9780439139600;J.K. Rowling;734;Harry participa en un peligroso torneo mientras crecen los rumores del regreso de un mago oscuro.;Fantasía;Cillum ea ullamco potenti eleifend fugiat sint commodo in culpa sociis aliquip commodo. Velit sint est natoque ex magnis mus ut ex officia eleifend sagittis non ridiculus massa. Elit reprehenderit eiusmod nulla sit do lorem parturient anim labore ad curabitur ex eiusmod. Occaecat aute anim aute non eleifend est mus ad deserunt labore laborum eleifend. Natoque ridiculus massa fugiat magnis laborum laboris blandit. Vivamus sint sed potenti dolor dolor eiusmod dolore nunc adipiscing veniam montes. Montes anim lorem sunt ex consequat laboris qui magnis deserunt sunt est ridiculus fugiat.|Quis cillum massa eleifend nunc in proident sociis. Etiam duis nascetur blandit elit veniam sed veniam vivamus officia sed duis ex culpa cillum. Laboris nunc sagittis enim irure lorem tempor sapien ornare parturient voluptate nulla esse. Suspendisse sint hendrerit veniam eiusmod pariatur et velit sagittis sit culpa in est ridiculus. Magna eu lorem nunc suspendisse penatibus nunc sit dolore. Sapien proident fugiat vel suspendisse montes eiusmod labore tempor mus culpa dolor fugiat.|Curabitur natoque consequat sint reprehenderit sit voluptate curabitur. Consectetur quis montes commodo irure magnis penatibus cum eiusmod. Elit dolore magna anim occaecat cupidatat eu ridiculus anim proident. Cupidatat ad ut tempor curabitur ipsum consectetur ornare eiusmod. Proident lorem sociis incididunt magnis sapien suspendisse dolore cillum eu sed duis. Sapien adipiscing id sapien ut blandit cillum etiam adipiscing labore officia reprehenderit officia parturient vivamus irure. Sit nisi aute magna hendrerit consequat velit vestibulum ad penatibus eu montes nulla irure.|Sunt exercitation nunc in dolor consectetur elit natoque ut deserunt consequat. Exercitation mollit mus ex vestibulum culpa magnis sagittis cillum eu blandit vestibulum sunt cupidatat. Cillum sed fugiat ex pariatur officia veniam nostrud nostrud ullamco. Ad dis aliquip minim magna ridiculus magna ex id exercitation sunt id dolore qui ornare suspendisse. Magna est vel occaecat aliqua esse pariatur eiusmod hendrerit ullamco veniam sunt.|Sociis suspendisse consequat aute vel dis esse ex veniam adipiscing. Nascetur potenti mus lorem magna parturient dis velit etiam. Pariatur reprehenderit quis mus officia fugiat do voluptate nisi incididunt tempor blandit. Sit adipiscing do sint tempor sed libero in. Natoque cupidatat lorem ex officia nostrud in ad. Dis ea minim dolor proident blandit et nascetur duis sint ipsum labore.|Tempor veniam irure minim culpa natoque magnis exercitation lorem id voluptate sapien sagittis velit ad. Irure voluptate ut sociis sagittis eleifend dolor blandit aliqua. Voluptate cum ex ipsum nulla duis voluptate aliqua ut adipiscing vestibulum est et irure enim. Irure veniam ullamco ad culpa cillum dolor parturient minim laborum velit suspendisse duis. Commodo ipsum voluptate velit in voluptate ea nostrud magnis quis labore enim proident. Sunt suspendisse sagittis mus commodo blandit sed magnis sed laborum amet elit dis velit ullamco sapien.|Ad nisi pariatur ad sed amet mollit ornare montes parturient. Exercitation cillum in et ipsum nascetur culpa adipiscing nunc nostrud. Sint ornare occaecat consequat dolore sint dolore ornare aliquip et. Pariatur ipsum nulla consectetur incididunt amet labore tempor sapien vestibulum non exercitation. Velit curabitur vel labore culpa sit mus incididunt exercitation excepteur fugiat. Occaecat hendrerit sociis esse mollit pariatur ornare non vestibulum irure veniam parturient et sapien.|Aliqua sunt consequat ullamco culpa reprehenderit consequat consequat. Eu eleifend enim nunc eleifend velit sunt blandit incididunt massa aute incididunt penatibus. Veniam aute vel consequat aliqua tempor nascetur veniam ut deserunt do consequat ea penatibus sociis. Elit ullamco potenti occaecat sit mus sagittis adipiscing aliquip laboris nulla lorem do libero. Nostrud dolor enim pariatur dolor irure massa esse qui exercitation amet pariatur tempor voluptate eu blandit.;true
Harry Potter y las reliquias de la muerte;9780545010220;J.K. Rowling;759;Harry y sus amigos emprenden la búsqueda final para derrotar a Lord Voldemort.;Fantasía;Hendrerit cupidatat adipiscing ridiculus dis duis anim voluptate hendrerit nostrud incididunt magnis sed duis aute sit. Ipsum tempor reprehenderit magna massa sociis in non etiam aliqua etiam labore. Quis eu consectetur cillum mus dis fugiat elit. Potenti ex hendrerit consequat cillum nascetur non occaecat penatibus libero officia aliquip labore est vel.|Ad dolor eu aliquip nulla fugiat hendrerit irure montes laboris sapien. Vivamus occaecat sagittis enim nascetur esse ut sed sint. Reprehenderit aute cupidatat ullamco minim officia montes anim nunc dis consectetur irure in. Cillum dolor parturient eiusmod minim sociis fugiat nascetur proident irure sagittis exercitation culpa labore. Sunt sunt sagittis do elit libero ut in natoque parturient. Etiam lorem et incididunt mus consequat est vivamus commodo non.|Natoque aliquip sit proident mus qui potenti magna et aute. Do sunt qui excepteur vivamus exercitation consectetur culpa quis deserunt laborum sed culpa laborum dolor. Anim laborum suspendisse commodo nulla ullamco curabitur irure suspendisse minim mus laboris aliquip. Esse curabitur sit consectetur cum ut etiam tempor hendrerit exercitation aliquip.|Vel voluptate tempor deserunt parturient occaecat proident parturient aliqua cillum sit. Aute ea amet vestibulum suspendisse aute potenti esse nascetur ornare. Velit potenti eleifend curabitur anim nascetur eleifend cum dolore cum labore veniam sed. Ut sociis minim culpa nascetur penatibus vel reprehenderit nunc officia vel suspendisse consequat. Do nunc ridiculus aliqua ut est sapien libero. Excepteur natoque etiam qui qui voluptate montes suspendisse velit vel occaecat sint.|Exercitation ipsum sunt nascetur consectetur vivamus reprehenderit esse. Dis vestibulum ad quis natoque sagittis potenti id proident aute lorem. Sit montes velit aute in nascetur suspendisse nostrud potenti occaecat reprehenderit. Cum hendrerit nunc ornare nunc anim fugiat proident sint occaecat ornare sagittis dis aute hendrerit et. Ipsum in aliquip veniam eu sed dis hendrerit et ullamco quis. Penatibus aliqua labore sed dis laboris sint occaecat adipiscing mus. Sagittis lorem minim ornare massa parturient nascetur eiusmod velit.|Blandit ornare esse eiusmod id exercitation elit massa ea duis magna montes hendrerit penatibus qui ridiculus. Etiam labore ex pariatur laborum magna etiam blandit ea. Sagittis massa in suspendisse nunc irure et qui eu proident laborum ridiculus eleifend. Cupidatat esse nisi consequat natoque sit dolore non ipsum anim consequat ex eleifend lorem nisi.|Incididunt sed pariatur blandit sunt cillum occaecat occaecat blandit. Officia dolor vestibulum nisi nisi potenti ullamco sapien amet. Anim etiam laborum potenti etiam exercitation sagittis mus ridiculus commodo fugiat libero. Dolor mus aliquip vel cum dis culpa sagittis commodo sed quis ex sociis dolore. Proident elit amet nisi blandit eleifend magnis elit vel parturient cum. Ullamco occaecat ullamco natoque eleifend sit magnis reprehenderit anim nostrud amet adipiscing montes proident do cillum. Suspendisse irure do labore parturient natoque veniam ex dolore magnis curabitur do potenti cillum hendrerit.|Libero potenti est minim irure est cum non hendrerit vestibulum. Occaecat consectetur aliqua id magna excepteur ex irure sunt penatibus exercitation veniam sapien tempor reprehenderit. Lorem eiusmod sunt eleifend laborum non potenti proident ridiculus veniam curabitur ad veniam amet adipiscing. Tempor enim nascetur non mollit vel vivamus ipsum do aliqua incididunt hendrerit ornare cum. Ridiculus duis pariatur nostrud anim sapien ut aute dolore anim montes minim fugiat.;true
The Da Vinci Code;9780307277670;Dan Brown;489;Un simbólogo descifra pistas ocultas en obras de arte para resolver un antiguo misterio religioso.;Misterio y Thriller;Amet lorem esse consectetur natoque consectetur esse ullamco reprehenderit sociis incididunt exercitation in ipsum. Consectetur velit laboris ad aliqua sapien vestibulum nascetur nostrud eu voluptate incididunt ornare mollit duis mus. Nulla parturient do vel pariatur laborum nostrud anim massa eleifend ipsum non sociis minim exercitation suspendisse. Sapien non dis magnis officia ridiculus lorem nascetur aliquip laborum occaecat non lorem magna do laboris. Veniam suspendisse proident officia id nascetur cupidatat commodo duis officia natoque aliquip sapien commodo. Excepteur fugiat in cupidatat laborum do natoque ad sapien aliqua reprehenderit.|Est ridiculus voluptate incididunt libero enim sed quis magnis. Eiusmod exercitation proident velit aliqua ex minim eiusmod suspendisse massa sint officia blandit sit. Sint anim laborum lorem vestibulum potenti enim reprehenderit aliquip elit proident dis. Lorem laborum parturient eleifend cupidatat labore libero mus non id magna vivamus.|Hendrerit magna aliqua tempor esse anim ad incididunt. Hendrerit hendrerit commodo blandit blandit vestibulum in est vestibulum. Cillum lorem consequat excepteur est natoque do blandit enim ut. Voluptate laborum labore vel vel sociis excepteur penatibus sunt. Sociis labore etiam excepteur non montes in culpa massa exercitation quis enim libero.|Irure consequat sint dis cum eiusmod laborum penatibus ad curabitur montes. Cupidatat aute mollit vel potenti amet dolore cum massa. Penatibus nulla culpa sociis minim occaecat ex sint quis aliquip incididunt. Sit fugiat vestibulum incididunt massa laborum sed ut voluptate reprehenderit.|Esse est etiam ex dolor ipsum dolor anim dolor suspendisse dolor aliquip blandit. Elit magna montes sed ornare sint consequat ornare eleifend. Vel mus nisi id massa nulla ullamco ullamco. Elit potenti culpa non cillum fugiat penatibus adipiscing et blandit.|Duis sit voluptate dolor sunt lorem quis veniam ea ex commodo pariatur excepteur. Consequat tempor reprehenderit massa pariatur etiam consequat amet laboris et non hendrerit occaecat sit. Amet aliqua irure sapien cupidatat qui ornare ipsum officia deserunt parturient dis dolore consectetur nostrud. Dis sapien veniam excepteur natoque magnis libero quis.|Occaecat cillum sociis veniam magna vel dolore mollit aute minim. Incididunt irure est hendrerit pariatur mollit id laboris ullamco. Minim reprehenderit vel consequat hendrerit excepteur enim laboris. Elit cum potenti ullamco mus aute ea eleifend blandit sapien sit irure. Vel consequat sint dolore magna sapien hendrerit id cillum laboris massa. Pariatur nascetur excepteur magnis dolor ad do minim laborum pariatur vivamus nostrud.|Culpa laborum id ex ullamco deserunt etiam ullamco aliqua enim ridiculus vivamus magna excepteur proident. Aute enim incididunt do sed sunt excepteur vel ornare. Amet ridiculus minim sed est fugiat incididunt deserunt etiam sit irure sit adipiscing elit eleifend blandit. Blandit aliquip aute esse nulla irure occaecat sapien natoque lorem dolore potenti etiam dolor do. Eiusmod tempor sunt dis minim consequat cillum curabitur quis exercitation mus eiusmod hendrerit reprehenderit.;true
Harry Potter y el misterio del príncipe;9780439785970;J.K. Rowling;652;Harry recibe clases privadas de Dumbledore mientras investiga el pasado de Voldemort.;Fantasía;Aute culpa ea sociis adipiscing culpa suspendisse cum deserunt non do. Ad aute cillum vestibulum proident blandit irure et hendrerit parturient culpa nulla. Minim nostrud ex adipiscing veniam sit eleifend hendrerit tempor. Irure eleifend vivamus officia ornare ex fugiat aute voluptate massa amet laborum eiusmod tempor ornare ipsum.|Cum amet sociis commodo aute culpa potenti blandit duis est adipiscing. Sed et enim natoque commodo potenti nulla dolore non eu sagittis. Blandit deserunt incididunt aliqua excepteur quis eleifend sit minim natoque lorem excepteur velit magna. Minim sapien magnis libero excepteur irure enim mollit qui tempor do consequat.|Nulla etiam proident consectetur ullamco non parturient vel. Etiam proident labore blandit curabitur officia officia blandit non consequat ornare ullamco occaecat culpa culpa. Sed pariatur ut ornare proident deserunt non ut cupidatat ullamco nunc sociis non massa sapien. Natoque do vestibulum suspendisse ad ornare nunc in cupidatat nascetur.|Qui dolor cupidatat ut deserunt esse reprehenderit natoque deserunt et enim cupidatat etiam ad. Aliquip anim penatibus mollit natoque pariatur anim cupidatat ipsum potenti exercitation. Natoque nascetur sociis eiusmod incididunt laborum culpa ex. Suspendisse ornare irure blandit occaecat ut anim sed occaecat non ea officia dis enim cupidatat suspendisse.|Blandit suspendisse nisi ex dis eiusmod vestibulum nunc aute ut. Sagittis nostrud natoque sagittis vivamus labore eleifend lorem id pariatur culpa penatibus. Consectetur amet vestibulum blandit nulla adipiscing id potenti ex ridiculus sagittis amet consectetur excepteur. Elit officia adipiscing libero amet irure et officia magna proident voluptate reprehenderit.|Hendrerit enim exercitation ipsum fugiat voluptate exercitation labore. Sociis hendrerit blandit reprehenderit tempor incididunt ipsum massa eleifend fugiat officia cillum duis amet labore. Nunc quis aute excepteur sint adipiscing magna aliqua ad. Montes nisi vel et ea nascetur do occaecat elit lorem. Est elit labore duis enim reprehenderit vivamus mus nisi cillum.|Eiusmod enim adipiscing id ullamco quis amet nascetur sapien aliquip incididunt aute nulla ridiculus. In exercitation amet velit est vivamus aute sint dis. Libero fugiat pariatur magnis adipiscing vestibulum deserunt sociis natoque sunt vivamus do magna pariatur ridiculus. Non ex vivamus ornare est voluptate blandit sapien ad vivamus. Cum sagittis et est nisi dolor ad eleifend nascetur dolor ornare. Vel in est etiam velit curabitur irure parturient minim irure ornare ut massa commodo lorem sint.|Dolore officia aliquip labore etiam est anim ipsum ex mus. Est irure ut adipiscing mollit parturient adipiscing non aliquip. Ridiculus eleifend montes cupidatat sint est minim officia sint ornare cum montes tempor magnis. Massa montes laborum ad vestibulum in vel vel veniam ridiculus mollit ullamco culpa.;true
Lord of the Flies;9780140283330;William Golding;224;Un grupo de niños varados en una isla desierta degenera poco a poco hacia la violencia y el caos.;Clásico;Exercitation velit occaecat esse suspendisse magnis laborum voluptate commodo. Minim sint velit cillum sint ridiculus dolore parturient velit duis. Nascetur consectetur officia ridiculus fugiat excepteur duis ut officia. Nulla vel ut vestibulum nisi non fugiat eleifend massa excepteur est lorem deserunt est.|Amet nostrud dolor natoque commodo etiam duis qui est non dolor tempor exercitation. Et eleifend sagittis nostrud dolore excepteur esse aute incididunt vivamus qui dolore veniam montes est libero. Massa vivamus enim parturient occaecat penatibus non do irure quis est magnis. Excepteur ex etiam eu magnis ex et non irure sunt. Ex culpa est do sapien parturient do curabitur consequat dolor mollit.|Montes cupidatat ipsum nisi eu est vivamus ad magna officia eiusmod id pariatur non. Magnis sunt labore magna vivamus ex minim massa elit. Aliqua laboris aliquip velit aliquip aliquip do hendrerit commodo sociis potenti cillum sagittis. Sed massa velit nisi ipsum qui montes ut sapien suspendisse exercitation nunc elit nunc et duis. Montes eiusmod sunt cillum consectetur hendrerit tempor eu nostrud tempor sagittis excepteur sapien ea labore incididunt. Cupidatat magnis nunc reprehenderit montes sapien proident reprehenderit eleifend sint exercitation sapien incididunt.|Ex libero id sint ex proident nascetur massa nisi vel qui et tempor nascetur penatibus ridiculus. Mus dolor dis lorem sit labore laboris deserunt proident sociis adipiscing minim deserunt vivamus. Massa cum adipiscing lorem ex sit aliqua officia occaecat. Est exercitation exercitation pariatur qui duis qui vel incididunt nascetur. In natoque ornare vel ullamco reprehenderit eleifend tempor sagittis mus curabitur. Exercitation montes adipiscing enim potenti curabitur suspendisse do incididunt vestibulum tempor culpa sociis.|Officia consectetur libero sociis pariatur reprehenderit fugiat aliqua occaecat ea excepteur nunc. Pariatur elit esse ornare natoque eu nisi eleifend commodo officia eu duis sapien parturient. Incididunt sed potenti sagittis libero duis anim minim do amet cum vel nascetur. Et esse enim voluptate vel enim cupidatat proident dolore vestibulum dolor dolore ut montes penatibus.|Sociis montes hendrerit massa anim proident deserunt minim occaecat minim labore mollit curabitur veniam. Aliqua cupidatat laboris reprehenderit fugiat mollit libero sociis enim suspendisse ullamco parturient non quis veniam suspendisse. Qui hendrerit dolore velit vivamus sapien voluptate dolore et adipiscing amet veniam penatibus cillum excepteur. Vel enim curabitur potenti incididunt montes montes pariatur tempor dolor id ridiculus incididunt commodo hendrerit. Occaecat et sociis quis occaecat culpa parturient sociis.|Est laborum vel sociis id commodo minim sint dis massa dis massa potenti. Aliqua exercitation laboris dis mollit potenti sagittis non. Esse ea cum montes cum non dis sed ornare. Ornare hendrerit proident ea dolor laboris eu mollit libero magna. Magnis non etiam elit est fugiat culpa eiusmod aute officia hendrerit. Aliqua eiusmod est curabitur esse esse anim amet culpa. Eiusmod duis do magnis sit qui dolor incididunt ex.|Magna officia hendrerit sit non in ex sint anim velit cum. Nunc do blandit exercitation do exercitation massa est officia incididunt ex lorem. Mus ut exercitation tempor vestibulum sunt curabitur consequat ridiculus vel vestibulum consectetur libero. Suspendisse enim id sunt tempor laborum fugiat ipsum. Ad velit incididunt magna parturient occaecat sint duis blandit. Enim dolor parturient sociis ornare dolor etiam dis in commodo. Eu cupidatat exercitation labore qui voluptate vel elit in sunt.;true
Romeo and Juliet;9780743477120;William Shakespeare;281;Dos jóvenes de familias enfrentadas viven un amor trágico en la Verona renacentista.;Drama;Tempor sapien excepteur montes do nisi montes labore sociis officia lorem. Dolor consectetur ipsum commodo penatibus nascetur cupidatat nunc velit in ornare officia. Voluptate id etiam consequat in et veniam eu do vestibulum veniam voluptate do. Consectetur eiusmod ornare tempor aliqua suspendisse libero reprehenderit ad velit nostrud parturient fugiat in sit ipsum. Potenti id velit ut dolor vel ridiculus curabitur esse. Nulla irure do amet vel aliquip ridiculus potenti exercitation ridiculus montes. Laboris suspendisse et curabitur dolor cupidatat dolore excepteur excepteur ea in in veniam dolor eiusmod.|Magna id cum aliqua irure vivamus magnis voluptate veniam voluptate aute vivamus elit. Excepteur vivamus laborum cillum dolor mus irure in laboris. Officia dolor adipiscing eiusmod velit eu cillum magnis sit eleifend quis minim nunc. Adipiscing vel blandit sapien officia nostrud lorem veniam etiam consectetur ornare sit culpa nulla suspendisse ullamco.|Ornare excepteur fugiat ad consectetur esse voluptate eiusmod reprehenderit culpa eleifend do penatibus montes. Enim exercitation amet eu quis ad et aliquip dolore libero. Id sunt proident magnis etiam velit ipsum vel penatibus labore in mus anim dolor cillum pariatur. Vestibulum do irure vestibulum anim anim officia anim quis sagittis penatibus occaecat ridiculus elit consequat curabitur. Sunt sociis ornare velit ut eiusmod ridiculus nascetur hendrerit sint officia nascetur dis nulla potenti sagittis. Dis natoque laboris incididunt blandit velit sociis commodo pariatur dis non voluptate nulla voluptate ipsum et. Quis amet cillum cillum sed vestibulum vestibulum duis.|Sunt sed mollit elit labore natoque id sunt massa sunt in penatibus. Esse eleifend proident etiam dis cillum deserunt nostrud proident ad. Quis massa massa in ea sit natoque deserunt et. Id suspendisse occaecat ad hendrerit ea ornare esse massa suspendisse id aute.|Sociis dis curabitur exercitation culpa duis veniam quis. Dolor velit nisi consectetur ipsum cupidatat do incididunt mus commodo blandit vivamus irure sint. Lorem ridiculus nascetur ornare quis irure laborum ad sit voluptate. Aute ut mus excepteur culpa adipiscing ipsum vivamus sed adipiscing etiam eiusmod. Commodo eleifend sunt potenti etiam cum vel do enim vel natoque. Dolore veniam magnis nisi nulla irure ornare curabitur penatibus commodo nascetur eleifend fugiat.|Qui in mollit cum laborum nostrud ornare reprehenderit sagittis. Blandit eu magnis eleifend nunc tempor quis sint eleifend officia occaecat nascetur hendrerit sapien esse. Ut nostrud voluptate reprehenderit sagittis do ad aliquip dolore aute consequat quis reprehenderit anim qui magnis. Laborum occaecat nisi nulla non est cum aliquip proident mus suspendisse amet tempor incididunt. Consectetur est cillum commodo laborum duis laborum ea adipiscing elit. Ad sunt eleifend occaecat aute reprehenderit veniam ridiculus.|Pariatur quis consequat consectetur eu amet sunt mollit laboris. Ullamco ridiculus veniam amet magnis etiam est nostrud penatibus sapien. In irure aliquip voluptate labore potenti dis nisi sapien fugiat voluptate sint dolor velit. Nunc nascetur magna nulla culpa in minim ornare quis irure duis tempor. Nunc ex ullamco do officia culpa ea dis lorem dis.|Sapien eiusmod ut dolore blandit velit nascetur eu anim laboris. Blandit qui aute do et curabitur sed consequat ridiculus nulla. Sint pariatur duis consectetur blandit mus ipsum cillum pariatur aute curabitur etiam. Magna elit proident sociis commodo dis natoque dis nostrud incididunt. Massa sagittis deserunt in ut do labore aliqua veniam libero sociis ex in laborum. Sapien excepteur esse ea potenti et mus montes et tempor id laborum ad aliquip. Commodo eleifend montes amet id in laboris consequat mollit ex ut magna.;true
Gone Girl;9780297859406;Gillian Flynn;419;La desaparición de una mujer pone bajo sospecha a su marido en un thriller psicológico lleno de giros.;Misterio y Thriller;Incididunt magna parturient mus exercitation sint blandit hendrerit fugiat. Velit penatibus aute aliqua anim mollit est labore et. Cum occaecat duis et adipiscing cillum vel mollit consectetur sagittis culpa. Nascetur vivamus veniam vel magna duis etiam mus aliquip occaecat vivamus nostrud natoque aliquip.|Ipsum sapien sapien ornare libero pariatur vel aute cillum exercitation penatibus vestibulum. Etiam exercitation veniam id commodo quis amet excepteur potenti sociis est cillum qui. Curabitur occaecat ipsum est blandit suspendisse id minim sunt ut esse nulla anim cum libero. Mus excepteur nunc sociis blandit sunt laboris mus eu curabitur vestibulum do vestibulum est. Consequat sit sed hendrerit sunt eleifend duis veniam nostrud penatibus vivamus mollit.|Pariatur minim massa ut eiusmod mollit occaecat dolor magnis labore. Mus pariatur pariatur amet proident dis et eiusmod potenti ipsum ad. Ipsum laborum duis voluptate eiusmod penatibus nulla officia. Magnis id vel eiusmod occaecat potenti magna duis sed consectetur hendrerit natoque ullamco nisi minim parturient. Eleifend ornare nostrud ornare blandit occaecat incididunt nisi irure mus nisi id sed lorem libero etiam. Vestibulum irure dolore consequat potenti parturient montes proident voluptate adipiscing ipsum laborum voluptate ridiculus id. Nostrud adipiscing penatibus aute consequat cum curabitur curabitur natoque parturient mus lorem velit aliquip.|Nunc cillum excepteur ipsum nunc blandit in occaecat ullamco incididunt sint non. Labore culpa ornare excepteur sint cupidatat pariatur deserunt eiusmod excepteur est deserunt ornare adipiscing. Consequat sunt dolore velit adipiscing velit consequat laborum. Tempor parturient tempor sociis blandit commodo sagittis officia non vivamus dolore. Laboris elit sagittis blandit mus non parturient parturient. Commodo nulla ridiculus eiusmod eu ullamco sed eleifend eu duis dolore adipiscing sint massa mollit. Exercitation culpa sunt parturient voluptate et incididunt parturient ex proident.|Potenti sociis magnis quis hendrerit quis tempor vivamus. Est consequat vestibulum amet voluptate nulla lorem proident tempor cum fugiat lorem non. Consectetur aute dis natoque irure montes esse enim. Exercitation sapien etiam nulla magnis culpa sociis sociis exercitation consectetur. Pariatur montes potenti dolore est vel minim incididunt reprehenderit aute parturient dis massa consequat eu. Ornare parturient deserunt eleifend consectetur eiusmod consequat lorem. Vestibulum sociis do potenti elit dolore elit sociis libero ad.|Potenti incididunt sit esse suspendisse sunt est lorem. Quis curabitur mus elit nulla ornare cupidatat aliquip ullamco suspendisse incididunt non cillum sunt non. Ea sunt exercitation cillum eiusmod vestibulum elit officia vel dis ridiculus aliqua laboris sint. Penatibus hendrerit adipiscing quis amet ea cupidatat culpa enim dolore cillum. Enim sociis massa commodo quis blandit vivamus ex magnis reprehenderit consectetur sapien. Voluptate eleifend velit proident enim vel veniam ullamco sint magna laboris et suspendisse duis mus penatibus. Irure incididunt amet ex velit voluptate nostrud amet commodo qui ea commodo.|Aliqua dolore vivamus sunt sint aliquip blandit do fugiat laborum. Anim culpa natoque sed elit do ornare parturient. Culpa est incididunt suspendisse curabitur velit aute est et. Irure qui magnis nisi magnis nostrud parturient est. Natoque id dolore penatibus ornare penatibus commodo nascetur. Labore reprehenderit potenti magnis elit do enim vel. Penatibus ea massa est proident voluptate natoque ex voluptate sit.|Blandit curabitur sagittis esse occaecat dis curabitur sunt commodo. Magnis anim vivamus amet mus exercitation id enim. Nunc ipsum laborum proident lorem ea parturient sociis in nulla laborum blandit. Adipiscing ullamco qui sed enim mollit sociis qui et. Commodo blandit minim consequat non ut commodo adipiscing consectetur nascetur non non deserunt aute in magnis. Consectetur occaecat vel cillum sit laborum minim eu nostrud est vel nascetur anim non ullamco proident. Sapien ipsum aute esse blandit sagittis ex lorem labore ea lorem fugiat mus.;true
The Help;9780399155340;Kathryn Stockett;522;Empleadas domésticas afroamericanas y una joven escritora blanca desafían el racismo en el sur de EE.UU.;Drama;Tempor aute exercitation esse veniam proident officia anim non ornare enim enim. Sapien adipiscing libero dolor sit natoque reprehenderit id commodo lorem blandit sint magnis. Veniam ipsum sociis eiusmod duis voluptate massa qui lorem natoque ex ridiculus magnis ex cum cupidatat. Velit sapien sapien elit sunt sunt in et amet montes minim id sociis massa sociis incididunt. Ea dolore quis mus natoque laborum tempor penatibus eiusmod suspendisse vestibulum ad eleifend. Dolore in nascetur sed massa hendrerit et ea.|Non eu lorem commodo sed do eiusmod voluptate sint aliquip occaecat hendrerit sociis non esse ridiculus. Curabitur sed cupidatat amet amet etiam ex minim sint suspendisse. Adipiscing mus culpa ut penatibus eu et nulla aliquip sociis sapien. Etiam incididunt hendrerit cillum lorem et enim ullamco tempor.|Anim ut veniam nostrud eu exercitation enim tempor eleifend excepteur. Consectetur ridiculus nascetur non curabitur curabitur id libero libero. Sit aliqua amet parturient laborum enim tempor vel fugiat sagittis. Laborum do consequat magna natoque blandit nulla reprehenderit sociis irure. Magna est vivamus ex massa ad vivamus esse commodo penatibus sed sint tempor adipiscing.|Etiam sed est potenti mus adipiscing ullamco sapien sit montes. Enim parturient dolor veniam nascetur sint nostrud qui aute ut elit cum parturient reprehenderit ipsum consectetur. Cupidatat consequat vestibulum vestibulum penatibus esse eleifend natoque duis curabitur dis elit pariatur aute. Consectetur proident ornare ornare laboris sit nascetur aute magna laboris nunc vel non.|Laboris culpa et magna sagittis duis voluptate vestibulum. Ullamco ut enim irure incididunt vivamus ex mollit laborum. Id do pariatur pariatur sociis sit libero montes sunt est sed officia. Ut minim nisi potenti elit culpa est quis aliqua ex minim incididunt nascetur etiam. Ridiculus dolore commodo consectetur excepteur ad quis aliqua potenti suspendisse minim elit vestibulum sagittis excepteur. Dolor mus nostrud sapien ornare aute laborum id fugiat massa irure vel vel etiam.|Commodo minim consequat cillum sapien aute dis sunt nulla nascetur consectetur. Penatibus tempor et exercitation ipsum laborum lorem aliquip vestibulum qui parturient. Elit ex blandit sunt aliquip parturient non aute vestibulum dolore sagittis minim velit mus incididunt consequat. Quis duis dis exercitation etiam montes mollit proident veniam. Parturient potenti laboris nisi laboris vel consectetur cupidatat enim nunc. Do penatibus penatibus dolor mollit hendrerit fugiat excepteur commodo et dis.|Hendrerit velit magnis cupidatat nisi aliqua potenti anim libero et natoque nulla esse. Vestibulum mollit est amet fugiat deserunt labore mollit potenti dolor excepteur massa. Ad velit velit non irure aliquip dolore cillum eiusmod penatibus. Dis officia commodo ut voluptate sint dolor parturient.|Anim amet dolor ut sapien dolore tempor laboris nisi anim montes eiusmod dolor laboris ridiculus laborum. Nunc enim aute suspendisse laborum fugiat labore sit eiusmod. Officia ea ut nunc et vel culpa dolore hendrerit sapien ornare ex vel nascetur. Vivamus sapien est penatibus ut ut laborum potenti ad qui natoque culpa et. Commodo cillum laborum natoque vivamus ornare ad ad in nulla ridiculus cillum. Penatibus occaecat esse pariatur aute fugiat nascetur blandit suspendisse.;true
Of Mice and Men;9780142000670;John Steinbeck;103;Dos trabajadores itinerantes sueñan con tener su propia tierra durante la Gran Depresión.;Clásico;Sit ipsum tempor aute ea sagittis vivamus occaecat natoque cupidatat cupidatat nascetur curabitur nascetur. Anim vestibulum voluptate curabitur quis sapien ornare eu aliquip eleifend tempor aliqua ridiculus enim laborum. Incididunt labore vel ipsum do culpa veniam ut cupidatat id. Vel anim est sapien dolore nascetur irure consequat potenti qui. Aliqua anim penatibus minim natoque massa eu massa adipiscing mollit excepteur nostrud est.|Do minim eu nisi sapien montes nunc mollit aliquip ipsum anim enim. Et anim nulla exercitation aute non vel anim duis nisi nostrud cillum commodo veniam. Massa parturient anim consequat in vel adipiscing cupidatat magnis. Aliquip nostrud non id non consequat mus sunt velit fugiat suspendisse consectetur suspendisse. Ipsum et ridiculus anim adipiscing cum fugiat incididunt anim ut. Parturient non eleifend in montes irure excepteur mollit irure. Cillum adipiscing in natoque ad massa mus dolore voluptate aute blandit esse ex non excepteur qui.|Minim deserunt aliqua officia non magnis laborum aliqua culpa officia duis laboris dolor. Id ornare deserunt dolore tempor amet eiusmod adipiscing vestibulum nunc eu duis etiam cupidatat esse magnis. Lorem amet incididunt ridiculus esse laboris occaecat blandit fugiat ullamco velit velit laboris parturient reprehenderit. Duis ea laborum sit sapien dolor irure ea laborum cillum sit. Ridiculus cupidatat qui nascetur voluptate do deserunt mollit incididunt laborum ad aliqua laborum sunt. Dolore ea labore labore reprehenderit aliqua ullamco mus. Qui magnis qui cupidatat non ex aute dis reprehenderit voluptate ullamco aliquip quis.|Laboris quis adipiscing natoque qui aute dis sunt eleifend minim curabitur. Nostrud velit ad sociis cum quis excepteur id anim cupidatat ut amet. Nulla tempor hendrerit hendrerit enim non potenti deserunt sociis proident parturient sed labore. Etiam blandit velit consectetur et sapien blandit eu. Natoque pariatur magna officia ornare consequat cillum proident sapien tempor minim sit. Non sagittis duis consectetur hendrerit ad amet dolor natoque cum do ornare.|Aliquip aute commodo curabitur aute aliquip ex id cillum lorem parturient ridiculus elit non enim. Quis commodo ullamco quis aliquip duis elit ad sint. Amet aliqua natoque magna irure dis libero sit veniam laboris ullamco quis aliqua. Ipsum ad velit proident nulla laborum suspendisse aute potenti. Dolor massa mus mollit curabitur natoque non exercitation.|Sociis mollit mollit ridiculus voluptate exercitation esse dolore sit aliqua. Consectetur ad massa vestibulum montes labore potenti culpa exercitation aute dolore eleifend hendrerit. Magna incididunt etiam officia minim incididunt incididunt irure etiam enim. Ad enim veniam cillum adipiscing laborum id in.|Dis lorem sapien incididunt eu culpa eleifend nisi natoque consectetur exercitation consequat consectetur. Penatibus libero cupidatat quis eu minim enim vel montes tempor. Sint esse montes massa suspendisse massa magnis ipsum velit labore. Anim tempor amet consequat voluptate sociis reprehenderit vivamus anim occaecat. Vivamus cillum deserunt fugiat vivamus reprehenderit officia vivamus parturient. Dis amet commodo sint sint magnis ut id officia ex. Dolore nisi sit nascetur ornare ex aute sint vel.|Eu officia velit nunc adipiscing dolore tempor elit amet excepteur nascetur. Minim ea est reprehenderit magnis qui id natoque. Velit amet vivamus ullamco sit officia ad ut do. Laborum dolore nisi sociis blandit fugiat et incididunt fugiat duis veniam enim. Dolore ipsum sapien ut eiusmod et est est quis sociis duis nascetur penatibus libero lorem.;true
Memoirs of a Geisha;9780739326220;Arthur Golden;428;Una joven es entrenada como geisha en el Japón de antes de la Segunda Guerra Mundial.;Drama;Ridiculus ullamco voluptate penatibus ipsum nulla pariatur nulla proident aliquip nostrud. Suspendisse lorem consequat est blandit est adipiscing blandit. Magna est fugiat officia penatibus aute deserunt aliqua montes sunt nisi ad dolore. Cillum massa labore commodo ut reprehenderit sociis ea elit suspendisse incididunt mollit non dis ut. Eiusmod aliquip sapien dis irure sit sunt nisi anim proident ad minim.|Et officia ullamco blandit dolore in adipiscing anim officia dolor id ex magna hendrerit. Mollit blandit sit nostrud sint sagittis curabitur labore potenti elit sagittis. Montes et adipiscing eleifend pariatur magnis eiusmod consequat ut. Sint sint etiam ullamco lorem blandit do aliquip cupidatat consectetur laboris laboris incididunt vestibulum. Sit duis non nulla dis voluptate excepteur veniam.|Aliquip libero duis irure montes aute laboris eleifend sunt hendrerit enim anim eiusmod incididunt dis suspendisse. Adipiscing dolore laboris consectetur exercitation qui excepteur massa eiusmod hendrerit. Magnis non sapien sapien sed sapien velit vivamus irure culpa ridiculus nostrud laborum sed labore laborum. Libero ipsum enim in irure libero eleifend curabitur consectetur. Parturient eleifend sint magna aute cum lorem officia aliquip dolore minim excepteur minim. Parturient occaecat labore reprehenderit suspendisse et ornare nunc.|Velit sint in vivamus blandit parturient sapien et. Etiam aliqua cum culpa duis massa nascetur enim eu penatibus elit ex eiusmod officia sint potenti. Et velit veniam occaecat nascetur do ridiculus magna anim massa aliqua ad culpa sed. Sagittis hendrerit ad natoque esse culpa sapien excepteur aliquip parturient libero curabitur irure natoque fugiat sed.|Eleifend hendrerit vivamus et deserunt parturient excepteur sapien potenti veniam adipiscing tempor culpa nascetur. Esse nulla do ridiculus reprehenderit sagittis deserunt sint ullamco. Dolore id etiam potenti ut aute consequat montes aute duis et cum non sed aliquip. Laboris nulla cupidatat montes ex ad nostrud voluptate deserunt blandit libero.|Velit officia incididunt qui in mus laboris blandit. Eu cupidatat occaecat sunt laboris est veniam ea qui non irure adipiscing nulla suspendisse. Sagittis eiusmod esse ullamco esse parturient ex aute proident suspendisse do duis nunc sint quis nisi. Anim pariatur aute lorem nascetur eiusmod sociis dolor aute nascetur. Aute ullamco culpa consectetur vestibulum dolore sint veniam.|Lorem cum non magna anim sit eu id sint minim sunt. Quis sagittis etiam occaecat reprehenderit sapien ipsum dis velit consequat ipsum lorem amet ea aute. Do sociis ornare commodo aliqua magnis montes duis sed quis cupidatat vivamus mus anim. In non nulla eu vel ipsum eiusmod cillum reprehenderit deserunt sit eiusmod.|Consequat est amet nostrud ullamco montes veniam culpa parturient aute nostrud ex reprehenderit penatibus. Potenti consequat laboris sit incididunt ornare eiusmod penatibus qui voluptate cillum nisi in dolore. Tempor lorem minim dis mollit ullamco massa quis laboris penatibus. Sint est aliquip sunt culpa aliquip sed vivamus ad ad lorem vivamus. Exercitation hendrerit enim labore vivamus natoque consectetur libero aute anim.;true
Fifty Shades of Grey;9781612130290;E.L. James;514;Una estudiante universitaria inicia una intensa relación con un joven empresario con gustos poco convencionales.;Romance;Dis ornare minim ornare incididunt ridiculus fugiat in nostrud. Hendrerit qui cupidatat vel nisi aliquip dolore id et vestibulum incididunt sapien do eiusmod nulla fugiat. Velit amet magnis excepteur deserunt commodo sunt quis velit. Cillum blandit deserunt commodo incididunt voluptate excepteur libero hendrerit eiusmod massa esse.|Curabitur mus esse quis sagittis culpa sit ad nulla dolor magna excepteur. Elit ornare est minim deserunt magnis mus in sit cillum sint et magnis adipiscing. Eu cillum lorem vivamus voluptate nisi consectetur dolore velit laboris. Vivamus enim aliquip ad potenti ornare amet pariatur sapien commodo est dolore exercitation. Fugiat libero voluptate duis labore suspendisse proident consectetur laboris aliqua aute proident non sociis. Quis penatibus amet proident proident dolor sit amet sunt ex ad ipsum penatibus vivamus.|Sed elit sunt anim ullamco exercitation mollit aute libero pariatur. Ullamco eleifend penatibus id hendrerit proident voluptate cupidatat cum vivamus natoque aliquip curabitur ea pariatur montes. Vestibulum amet incididunt voluptate proident hendrerit culpa natoque sagittis. Potenti ullamco sint deserunt penatibus velit elit ipsum aliquip. Ullamco nascetur dis suspendisse massa massa aliqua fugiat cum excepteur aute excepteur elit hendrerit deserunt aliqua. Ex voluptate sint nunc proident culpa mus vestibulum elit montes ex ipsum potenti libero qui magnis.|Velit non consequat ut sapien dis proident enim massa. Officia anim eleifend sint ipsum vel nascetur ipsum vestibulum. Magna id ipsum libero eiusmod minim proident lorem nascetur excepteur sagittis mus laboris. Ea minim in non laborum aliquip sint do nulla tempor exercitation consectetur incididunt. Vel aliqua adipiscing ex laborum ornare fugiat duis irure magnis elit.|Vel irure veniam ea massa consectetur lorem ex nisi cum eleifend ridiculus sed officia ullamco anim. Mollit sapien potenti minim eu dolore ea cum do. Veniam nascetur qui anim vestibulum penatibus cillum dolore dolor labore sunt etiam. Irure ex veniam et elit suspendisse quis potenti est adipiscing natoque officia laborum nascetur. Deserunt aliqua sint potenti magnis irure quis ridiculus nascetur sit id occaecat incididunt. Lorem incididunt reprehenderit reprehenderit parturient nulla do deserunt id velit excepteur.|Massa dis non non amet fugiat quis blandit magnis sapien officia laborum lorem. Et sint sapien parturient nulla blandit cum eleifend ea sapien. Vivamus nunc sint natoque incididunt fugiat velit sociis ipsum ridiculus suspendisse. Mus ornare blandit vestibulum potenti nunc blandit sit laboris aliqua nulla excepteur consectetur fugiat occaecat voluptate. Nascetur ad minim irure blandit velit vivamus sed vel culpa officia eiusmod montes.|Vivamus cum ridiculus dolore tempor tempor quis et sit quis mollit et cum natoque qui hendrerit. Velit incididunt nostrud exercitation ipsum curabitur fugiat sunt curabitur sed enim nostrud etiam. Vestibulum deserunt consectetur eu qui sed deserunt incididunt eleifend sint esse. Cillum libero mus sapien non aliqua et elit fugiat ullamco incididunt ullamco quis natoque mollit enim. Sed sint qui sit laboris excepteur sed duis amet ipsum occaecat velit mollit consectetur.|Dolor ex massa aute suspendisse vel adipiscing commodo. Nascetur proident lorem esse culpa dolor sed minim ex massa nascetur dolor esse qui. Magna ornare mollit et sed aliqua potenti cupidatat libero. Sociis mollit fugiat dolore dolor vivamus nisi magnis nunc libero massa etiam do et suspendisse. Cillum lorem quis veniam amet mus vivamus blandit ullamco.;true
The Alchemist;9780061122420;Paulo Coelho;197;Un joven pastor andaluz viaja a Egipto en busca de un tesoro y descubre el sentido de su propia leyenda personal.;Aventura;Commodo sed aute incididunt dolore magnis nostrud elit montes magnis. Proident laboris vivamus massa cillum dolore qui aliqua. Reprehenderit officia nisi ad tempor irure mollit culpa laboris cupidatat. Nostrud ea laborum proident ea duis tempor do id nisi. Proident vestibulum et in sociis etiam curabitur hendrerit suspendisse sociis veniam cupidatat massa penatibus pariatur reprehenderit.|Duis consectetur lorem excepteur nisi quis pariatur ad potenti cupidatat elit cupidatat non fugiat qui. Elit laboris amet non hendrerit excepteur vivamus natoque ridiculus aute. Vestibulum ornare mus exercitation nostrud voluptate velit montes nulla eiusmod. Irure nostrud dolore vel lorem consectetur labore libero fugiat parturient ut ipsum penatibus lorem aliqua enim. Ipsum occaecat consequat massa libero etiam velit sunt.|Pariatur non ornare etiam eiusmod eiusmod massa dolor. Duis eleifend officia potenti incididunt fugiat parturient libero proident. Montes non esse vel amet lorem massa ex sint vestibulum elit sagittis penatibus in etiam duis. Amet magnis potenti ridiculus pariatur est veniam eiusmod.|Montes elit sed sociis nisi anim occaecat consequat quis nulla blandit. Ut ipsum deserunt suspendisse anim adipiscing aliqua blandit nostrud reprehenderit velit consequat. Exercitation natoque nostrud irure voluptate vel sed occaecat nostrud deserunt ipsum incididunt. Penatibus est ut incididunt ad velit dis ullamco lorem nascetur aute sit ea sociis fugiat est.|Ad magnis deserunt magna nisi montes ad etiam ipsum ullamco labore sed nunc montes occaecat. Do eiusmod reprehenderit adipiscing et officia aliquip cupidatat exercitation sapien aute sociis consectetur. Enim quis irure amet tempor minim incididunt elit sed sociis. Aliqua penatibus non etiam officia adipiscing sed dolor penatibus montes. Ipsum libero voluptate aliquip nascetur nunc hendrerit ridiculus quis duis amet cum mollit.|Reprehenderit enim deserunt duis nascetur do elit minim commodo vel massa mus nascetur laboris sagittis. Minim cupidatat reprehenderit fugiat irure et parturient blandit eleifend tempor esse montes. Velit lorem aute reprehenderit suspendisse parturient dis ornare montes sapien nostrud adipiscing dis sociis. Sagittis voluptate sapien nostrud officia cillum vivamus anim proident deserunt commodo sit ridiculus do. Laboris cupidatat etiam ridiculus tempor nisi nostrud aliqua amet hendrerit sociis eleifend occaecat montes ut ex.|Culpa eleifend labore quis ornare ipsum aute laborum suspendisse deserunt elit tempor. Nunc occaecat elit ut veniam sapien in laboris ex proident exercitation cum nulla dolore consectetur. Nostrud suspendisse sint etiam irure sapien ipsum sagittis potenti etiam dolore labore sociis laboris anim exercitation. Veniam dolor curabitur amet qui montes in vivamus minim incididunt. Duis mus aliqua consectetur laborum do velit vivamus officia magnis amet sed nostrud parturient aliqua magnis. Potenti minim eleifend fugiat sed vivamus blandit occaecat amet eleifend sociis blandit sociis labore mus. Est qui eleifend amet nulla sed mollit sagittis deserunt potenti aliquip commodo lorem.|Aliqua voluptate ad excepteur curabitur dolor dis cupidatat id. Excepteur lorem incididunt cillum blandit vel cillum montes do dolor laborum do qui ridiculus ut. Id sociis proident mus veniam fugiat eiusmod magna ex ad velit. Cupidatat do penatibus dolore exercitation ipsum hendrerit occaecat ornare esse ridiculus dolor et quis.;true
The Giver;9780385732550;Lois Lowry;208;En una sociedad sin dolor ni recuerdos, un adolescente descubre la verdad oculta detrás de la aparente utopía.;Distopía;Massa incididunt cum nascetur labore vivamus aute sit etiam culpa blandit. Ea esse aute cillum aute voluptate est consectetur qui eiusmod proident mus dis laborum parturient parturient. Nisi libero vestibulum natoque vivamus duis lorem dis enim. Amet parturient potenti excepteur quis ornare exercitation enim eleifend eiusmod sint enim incididunt. Sagittis nulla enim lorem magnis libero culpa suspendisse potenti nisi ad ut consequat adipiscing cillum commodo. Etiam laborum irure massa ad cum qui aliquip laboris sed lorem ipsum eiusmod blandit magnis reprehenderit.|Nulla suspendisse ornare sagittis tempor cillum occaecat nisi blandit sapien incididunt nunc penatibus penatibus aliquip. Incididunt sunt blandit fugiat sed commodo ut sagittis deserunt. Labore libero ipsum ullamco ullamco blandit vestibulum consequat exercitation nunc cillum sit consectetur do esse. Vivamus esse commodo suspendisse eleifend eu etiam eleifend. Anim consectetur sed nisi mus excepteur nunc sociis ullamco adipiscing laboris sagittis curabitur id duis.|Aliquip nunc aute excepteur mus natoque dolore pariatur laboris amet. In incididunt velit natoque est incididunt montes sapien curabitur parturient aliqua occaecat magnis cillum. Commodo tempor natoque in nulla cillum amet natoque laborum massa. Magnis excepteur aute est et laborum ornare nunc quis ea dolor excepteur vestibulum nunc cillum non. Nascetur aliquip sagittis in quis lorem magna anim nisi.|Libero nulla sociis fugiat ex veniam voluptate adipiscing. Minim ornare quis sagittis cillum sapien eleifend tempor. Dolore curabitur et deserunt eu do adipiscing esse consequat sociis in. Ridiculus do labore ornare labore sociis consequat ullamco vestibulum. Non ad consequat parturient vestibulum montes lorem proident suspendisse dolore natoque eleifend etiam mus. Ipsum etiam natoque dolore aute fugiat adipiscing in dolor adipiscing esse sociis ipsum enim etiam irure. Velit ornare sociis est parturient ullamco magna dolore vestibulum dolore magnis.|Sagittis sapien voluptate cupidatat ornare in minim occaecat sint nascetur dolor. Blandit aliquip consectetur sociis qui qui mus aliquip laborum enim culpa tempor curabitur etiam. Dolore sapien labore non vivamus enim mollit ullamco nunc potenti consectetur vivamus vel velit mollit. Velit labore mollit commodo aliqua fugiat officia officia consequat velit. Nulla occaecat laboris lorem eleifend etiam eleifend sagittis. Et occaecat anim dis cupidatat vestibulum et amet. Nunc penatibus nunc montes sociis minim dolor quis non sit.|Natoque ea magna aliqua lorem et commodo sit suspendisse penatibus. Ex ridiculus eiusmod sociis ad ex aliquip vel natoque ad irure nulla occaecat. Exercitation ornare officia eleifend veniam cum ullamco veniam magnis sunt tempor potenti dolor cupidatat libero etiam. Tempor vivamus ornare eleifend sed sociis consectetur ornare eleifend aute penatibus. Montes eiusmod minim fugiat magna eu laboris consequat labore penatibus.|Sunt cum deserunt cupidatat penatibus ex mus sed tempor aute. Curabitur sed consequat hendrerit tempor in montes cillum ut. Officia aute duis natoque incididunt dolor qui eiusmod suspendisse ad lorem sunt anim sociis penatibus nisi. Nostrud magna curabitur consectetur laborum sapien ea nisi nostrud vel. Do deserunt ullamco anim amet sagittis eu sunt deserunt quis. Consequat libero sapien ut sed occaecat curabitur veniam massa nisi. Massa sunt libero ridiculus laboris sint fugiat in deserunt vivamus magna aliqua minim et sunt cupidatat.|Commodo qui consectetur ex vel anim nascetur nostrud sociis. Deserunt ornare commodo excepteur magna libero et nunc laborum curabitur eu irure et. Quis eu anim ornare commodo dis sapien deserunt nisi consequat ornare aute occaecat et cum lorem. Excepteur ea massa parturient irure blandit mus velit occaecat. Sunt veniam dolore ipsum sagittis et labore magnis elit non et. Ornare culpa mollit aute vivamus voluptate incididunt aute.;true
The Lion, the Witch and the Wardrobe;9780060764890;C.S. Lewis;206;Cuatro hermanos descubren un mundo mágico al atravesar un armario en la casa de un profesor.;Fantasía;Vivamus amet proident in dolore cillum exercitation sit vel qui amet blandit non. Consequat aliqua qui incididunt ullamco esse elit sunt duis lorem amet. Dis incididunt eu sit aute irure dis eleifend. Cillum voluptate tempor exercitation curabitur vel ea ipsum. Ad et nostrud sed vivamus anim sapien id aliqua cum magna irure ipsum. Exercitation sed voluptate incididunt aliqua sed ea natoque exercitation magnis magna dolore.|Excepteur cillum reprehenderit magnis dolor sapien aliqua veniam ullamco officia amet nostrud in adipiscing. Sapien do occaecat ipsum elit sagittis qui cupidatat et laborum sit et cupidatat. Laboris nunc adipiscing fugiat enim ea ornare massa nulla duis veniam non etiam labore cum. Consequat ad vestibulum incididunt cupidatat sit est et pariatur libero quis mollit mus lorem ex nulla. Officia nisi libero nostrud sed hendrerit minim ornare culpa vestibulum dolor ornare cillum. Quis in laboris sagittis deserunt libero ullamco esse nascetur. Quis enim amet hendrerit elit eleifend vestibulum nascetur ea reprehenderit natoque sagittis tempor cum eleifend irure.|Anim sociis elit consequat pariatur culpa sit consectetur velit dis et vestibulum lorem. Laboris sit velit vestibulum cupidatat ipsum ridiculus commodo eleifend in ex sit curabitur voluptate magnis sunt. Enim aute mollit anim dolor irure curabitur sociis eiusmod dis dolore. Reprehenderit sociis cillum non exercitation elit ipsum pariatur nulla nulla.|Nulla aliquip sunt vivamus duis eleifend non aliqua est et pariatur. Blandit mus dolor vestibulum massa deserunt sagittis vestibulum deserunt non incididunt eiusmod velit quis sapien in. Occaecat irure hendrerit dolor aute dolore consectetur adipiscing blandit. Cillum parturient proident et vestibulum vestibulum elit etiam. Dis fugiat cupidatat reprehenderit aliquip sociis aliqua suspendisse esse esse magnis lorem in vivamus culpa et. Labore aliqua laborum sint montes minim sociis id minim aliquip est deserunt.|Exercitation nunc culpa reprehenderit dolor duis dolore qui potenti. Magna consequat etiam excepteur nascetur nostrud cupidatat pariatur nunc anim veniam amet ut cum est. Esse sint reprehenderit nulla dis duis consequat deserunt anim. Ex mollit proident blandit penatibus amet duis sagittis sociis.|Sed lorem parturient nunc eiusmod amet sunt labore officia sit sociis aliqua pariatur sint pariatur natoque. Velit irure excepteur culpa reprehenderit et cum ullamco ullamco. Aliquip montes anim ipsum ut nulla proident ex cupidatat deserunt cillum nostrud adipiscing sint in sunt. Vel sociis duis do massa irure tempor cupidatat excepteur. Minim eiusmod consectetur blandit et dis magna penatibus.|Nostrud aliquip sunt officia dolore veniam etiam est cum natoque elit lorem. Suspendisse dis incididunt labore cum enim sunt proident parturient labore ad commodo. Dolore penatibus non irure potenti curabitur veniam consequat. Lorem magnis ullamco consequat tempor blandit laborum sit ea laborum in nulla elit excepteur voluptate. Ornare exercitation ipsum minim irure curabitur vestibulum natoque occaecat eiusmod cum non etiam. Pariatur nostrud vel reprehenderit etiam nascetur ad sit irure esse nunc.|Proident tempor proident non eu magnis sociis penatibus incididunt amet quis culpa. Dolore nascetur cupidatat tempor duis aute nascetur montes non irure magna ea culpa sunt. Proident libero massa libero veniam nisi occaecat cillum ridiculus cupidatat. Curabitur velit dolore magnis voluptate laboris veniam excepteur amet montes suspendisse natoque potenti sed aliqua. Eleifend ridiculus sunt ut tempor lorem lorem consectetur ullamco mollit anim esse aute vestibulum hendrerit parturient. Libero anim sagittis cum hendrerit cupidatat enim eiusmod aliqua potenti fugiat ut. Cillum dolor qui voluptate aliquip id ullamco libero id laborum ullamco ipsum qui curabitur ut pariatur.;true
The Time Traveler's Wife;9780965818670;Audrey Niffenegger;546;Un hombre viaja involuntariamente en el tiempo, poniendo a prueba su matrimonio a lo largo de los años.;Romance;Vivamus dolor dis etiam in parturient do parturient cupidatat qui tempor parturient parturient. Magnis mus sit mus consequat sint sociis elit anim veniam parturient velit irure do excepteur non. Ut blandit magnis deserunt nunc sagittis lorem veniam parturient fugiat eiusmod labore ad adipiscing magna. Sagittis sed amet fugiat magna et fugiat ridiculus consectetur reprehenderit blandit blandit dolore. Ut ex qui vestibulum sunt adipiscing magna eu.|Sit ullamco dolore ullamco etiam nostrud velit occaecat lorem nostrud in voluptate nascetur reprehenderit tempor. Nisi consectetur ridiculus lorem vestibulum reprehenderit adipiscing blandit adipiscing cillum sit. Sagittis ridiculus sed laborum nascetur labore sint ea nostrud duis ridiculus sit potenti cupidatat ea lorem. Occaecat elit libero sed natoque velit nostrud suspendisse aute commodo culpa eiusmod aute. Potenti lorem exercitation proident natoque suspendisse vel nisi nisi sint mus etiam veniam dis vel.|Elit sint est proident aute labore parturient hendrerit minim consequat. Occaecat est exercitation ridiculus libero anim sint ipsum aute labore laborum sed penatibus exercitation voluptate culpa. Hendrerit ex reprehenderit aliqua dis culpa cillum quis ipsum penatibus penatibus. Eu nulla nascetur cupidatat etiam sit et mus vel sunt qui sint hendrerit laborum. Sapien elit magna sapien ut aute do ex nostrud ex amet labore.|Dolore eiusmod sunt irure ullamco velit est mus ut nisi culpa. Est cillum montes commodo exercitation eu laborum massa sapien est est incididunt deserunt magna voluptate. Ullamco eleifend vivamus non hendrerit non reprehenderit massa suspendisse. Tempor irure veniam curabitur non dis commodo ridiculus incididunt duis libero laboris tempor eu. Penatibus lorem penatibus pariatur amet dis amet minim aute minim vivamus consequat tempor excepteur deserunt mollit. Quis lorem occaecat eiusmod sapien proident sunt mus consectetur libero deserunt incididunt incididunt culpa. Labore aliqua parturient blandit non laborum consequat sapien non vivamus ridiculus sit officia.|Tempor ridiculus ea potenti fugiat ullamco nisi potenti. Sit exercitation cupidatat culpa laborum dis ad sed cupidatat officia. Vel sunt ea ea enim sociis sagittis blandit aute. Labore et massa consequat tempor qui amet laborum duis minim potenti do reprehenderit incididunt. In velit ullamco sapien ut reprehenderit magnis ipsum magna massa consectetur nulla dolor consequat magna lorem. Ad hendrerit montes in suspendisse nisi amet excepteur non consequat dolore laboris aliqua sunt laboris. Consectetur consequat quis eleifend enim est nisi parturient magnis proident nisi esse.|Deserunt excepteur voluptate libero laboris vel proident in duis tempor minim sociis vel fugiat officia cupidatat. Occaecat lorem est amet dolore minim eleifend eu cillum hendrerit sint minim lorem deserunt. Labore culpa in minim magna potenti laborum culpa eu ornare. Aliqua etiam irure quis dolore cupidatat incididunt minim labore aute.|Qui sunt dolore labore cillum minim dis labore vel cum mollit amet minim dolore. Veniam etiam consectetur qui ad massa pariatur ullamco enim. Fugiat adipiscing sunt ut culpa massa eu potenti sapien aliquip nostrud ex. Consectetur dis aliquip non culpa adipiscing occaecat enim dolor vel aute exercitation veniam id. Nunc in officia ornare magnis fugiat cillum enim parturient reprehenderit. Laborum sit aute dis hendrerit dolor suspendisse lorem cupidatat amet duis sit qui et nulla laboris. Elit vivamus deserunt massa ullamco amet natoque nostrud id cum cillum blandit.|Velit incididunt non lorem dis vivamus ipsum sit curabitur magna nulla mus deserunt massa. Sociis massa montes hendrerit exercitation velit nisi eu proident do dis mus laborum non. Eleifend vestibulum curabitur vestibulum sunt adipiscing sunt curabitur in sunt qui nisi nisi cum sunt. Incididunt reprehenderit cum ullamco tempor eleifend ridiculus quis duis tempor labore. Proident parturient sint mollit anim penatibus aliquip exercitation dis ad ipsum laborum dolore velit libero mus.;true
A Game of Thrones;9780553588480;George R.R. Martin;835;Varias familias nobles luchan por el poder en un continente al borde de un invierno que puede durar generaciones.;Fantasía;Penatibus potenti ridiculus curabitur laboris fugiat et natoque deserunt ex. Eleifend laborum consectetur pariatur nulla incididunt nascetur aliqua excepteur occaecat eu aliquip occaecat sagittis adipiscing. Amet laborum mus magna hendrerit non consequat laboris eleifend non sint cum nostrud dolor est pariatur. Officia non massa magna est minim lorem qui magnis ut aute eiusmod vestibulum consectetur sociis. Elit irure lorem reprehenderit commodo nisi velit nulla montes aliquip anim excepteur aute aliquip.|Ea etiam et cillum nostrud lorem duis velit pariatur suspendisse suspendisse sapien ullamco consectetur adipiscing. Ea aliquip ut natoque sapien quis nunc proident cillum ullamco incididunt sagittis aliqua excepteur. Etiam ipsum nunc vestibulum potenti cum hendrerit velit nascetur irure amet qui suspendisse nostrud magnis pariatur. Consectetur amet laborum hendrerit sint libero ad mus nunc exercitation adipiscing nostrud proident proident. Deserunt vivamus cillum eu sagittis potenti non eu vestibulum ex ut nostrud aliqua aute. Excepteur ullamco magnis esse ea nunc eleifend fugiat mus ridiculus ipsum nisi.|Id sociis proident officia occaecat incididunt mus lorem vel veniam ut cum. Suspendisse ridiculus ea excepteur ridiculus incididunt pariatur culpa. Cillum vestibulum ut ad cupidatat voluptate esse exercitation. Esse culpa nascetur eiusmod laboris pariatur in nostrud penatibus excepteur labore lorem pariatur hendrerit. Ornare pariatur aute pariatur parturient do reprehenderit veniam blandit et natoque dolor deserunt.|Labore reprehenderit eu dis aliqua sagittis voluptate laborum duis dolore sunt anim. Consequat mus excepteur natoque blandit cillum nulla ullamco ut. Vivamus potenti cupidatat reprehenderit occaecat vestibulum parturient dis minim esse incididunt mollit eiusmod officia. Mus sociis ad est non sit potenti blandit. Nisi nostrud massa sint deserunt consectetur sociis exercitation esse velit aliquip quis officia velit. Nisi aliqua excepteur mus sociis occaecat officia sit velit aliqua pariatur ea consectetur fugiat consectetur. Consequat mus blandit officia et vivamus aliqua quis pariatur irure excepteur sapien.|Aute ut sunt est dolore parturient ornare culpa officia ex elit sociis occaecat ut non. Excepteur duis anim blandit nulla incididunt suspendisse mollit eu magnis duis blandit nascetur sit eiusmod velit. Enim ornare sunt incididunt occaecat natoque ad penatibus pariatur dis. Anim culpa velit amet vel sit fugiat esse qui sapien ornare sapien etiam magna.|Ipsum eu minim do et suspendisse natoque enim aliquip ex sit vestibulum nisi id dolor. Deserunt excepteur qui id libero pariatur curabitur exercitation amet consequat. Sint do adipiscing consectetur sociis montes mollit curabitur eleifend parturient ridiculus massa sagittis magna sint voluptate. Officia aute parturient sint adipiscing sit deserunt sociis velit velit amet sociis ad. Suspendisse officia commodo pariatur quis ridiculus non ullamco magnis etiam potenti in. Montes potenti consectetur enim incididunt nisi enim fugiat anim cum ea montes commodo curabitur.|Anim minim nulla nascetur nunc aliqua sit cupidatat elit cupidatat. Deserunt etiam ad et sed sagittis libero adipiscing ea libero sint proident. Dolor esse aliqua ullamco duis cillum veniam et tempor libero non occaecat mollit magnis. Nostrud dis dis eiusmod consectetur lorem ipsum labore labore pariatur sed cupidatat adipiscing vestibulum exercitation. Ad blandit vestibulum id duis natoque curabitur veniam cupidatat.|Exercitation libero tempor suspendisse sapien sint exercitation deserunt minim aliqua parturient potenti in sagittis ea. Non mollit duis potenti eiusmod natoque reprehenderit velit. Sunt consequat reprehenderit voluptate elit incididunt nisi aute minim. Potenti magnis incididunt sagittis tempor est mus nostrud proident sit. Hendrerit ridiculus occaecat natoque eu qui ipsum cillum velit adipiscing ut. Nostrud irure nostrud dolor labore veniam sapien consectetur laboris aute commodo sociis. Cum consequat amet occaecat veniam eleifend duis consectetur proident eleifend.;true
Eat, Pray, Love;9780143038410;Elizabeth Gilbert;334;Una mujer recorre Italia, India e Indonesia en busca de placer, espiritualidad y equilibrio personal.;Biografía y Memorias;Commodo blandit deserunt eu voluptate sagittis quis sed culpa dolor dis ridiculus magnis. Aliquip ridiculus libero ex consectetur vel aliqua parturient ridiculus ornare dis quis occaecat eu dolore penatibus. Non laboris eleifend nascetur consectetur dis nostrud hendrerit laborum consequat eu. Ut sed quis ornare esse pariatur sunt nisi consectetur cum lorem. Proident exercitation voluptate mollit in pariatur amet excepteur. Nulla consectetur hendrerit sint nascetur elit aliqua elit sed consectetur ad eu reprehenderit. Montes ipsum massa adipiscing esse amet id officia nisi.|Aliquip velit amet deserunt mollit lorem sapien potenti anim minim. Consequat quis curabitur magna irure amet magna dolore nulla. Ridiculus laborum ex laborum id magnis incididunt exercitation sed ullamco ut irure eu. Nisi quis libero cupidatat ipsum mus irure natoque aliqua. Incididunt incididunt incididunt sit etiam ad ridiculus tempor anim amet duis mollit sed anim qui amet. Eiusmod aliqua sint aliqua non magna deserunt commodo pariatur.|Labore hendrerit veniam vivamus reprehenderit exercitation tempor laboris nulla ullamco suspendisse. In lorem quis pariatur in nostrud eleifend hendrerit proident commodo voluptate velit id officia cum. Nostrud non deserunt commodo qui vivamus commodo vestibulum sed est etiam. Consequat aliquip sagittis nostrud blandit aute labore ornare cum nulla qui reprehenderit laboris quis.|Veniam sagittis laborum labore sociis nunc montes dis aute vel id. Aliqua proident laborum dis tempor deserunt blandit occaecat ex veniam ullamco cum curabitur. Fugiat sunt ullamco ex elit deserunt sapien laborum reprehenderit magna officia dis aliquip enim. Irure aliquip eleifend veniam non reprehenderit do hendrerit ut cupidatat sunt minim. Ornare adipiscing sed sapien id nulla do natoque pariatur magna esse dolor dolor suspendisse cillum duis. Laborum nunc nunc parturient nostrud qui potenti nascetur penatibus ipsum natoque duis nostrud aliqua tempor.|Aute magna nunc ornare voluptate dolore deserunt vestibulum eleifend etiam officia duis. Ea irure magnis magna do incididunt dis sapien proident natoque ipsum aute. Nulla anim etiam do deserunt curabitur duis ullamco esse qui velit id. Est occaecat enim enim do do aute et ornare non eiusmod nunc veniam culpa.|Magna ad ridiculus enim magnis reprehenderit eu suspendisse nascetur. Sint do amet cupidatat massa quis hendrerit montes sapien fugiat enim adipiscing. Penatibus sed irure ridiculus proident curabitur anim elit dolor sagittis anim dis. Ut cupidatat sociis sagittis dis irure sint dolor.|Veniam incididunt montes nunc quis natoque parturient laboris. Sociis etiam aliqua magna in laborum cupidatat id eu parturient sunt aliqua. Duis elit ornare sed curabitur elit fugiat aliqua incididunt curabitur proident laboris sagittis ipsum incididunt penatibus. Labore dis cupidatat mollit ullamco eiusmod vestibulum esse.|Incididunt eu laborum nunc culpa ridiculus cillum nulla fugiat ullamco in culpa minim. Sit deserunt laboris ridiculus anim duis ornare etiam et. Eiusmod exercitation amet curabitur elit ex aliquip irure anim nascetur. Duis irure veniam ex et aliquip blandit fugiat nisi adipiscing. Officia exercitation vel consectetur curabitur proident sunt qui pariatur magnis. In culpa nulla mus sunt mus dolor do etiam curabitur ex velit parturient.;true
The Lightning Thief;9780786838650;Rick Riordan;377;Un adolescente descubre que es hijo de un dios griego y debe emprender una misión para evitar una guerra entre dioses.;Fantasía;Commodo ornare ullamco ut etiam velit hendrerit esse aute tempor mollit. Consequat quis cum cillum anim elit sapien mollit nostrud vestibulum lorem potenti nulla nascetur. Sapien quis ornare pariatur ornare do lorem ridiculus mus reprehenderit sint consectetur nostrud ridiculus. Eu sint lorem irure magna vel eiusmod cum anim. Ad occaecat dolore cupidatat exercitation sint cillum sapien excepteur commodo. Dolor nostrud sit eleifend nostrud culpa eiusmod consequat ornare curabitur parturient ea. Vivamus montes nisi nisi ornare voluptate ut blandit.|Massa voluptate eiusmod curabitur anim nascetur cupidatat sit. Excepteur dolor dis ipsum adipiscing natoque do exercitation cum parturient minim adipiscing aliquip blandit ornare. Blandit sed anim exercitation cupidatat massa exercitation sociis tempor sit elit nulla occaecat culpa dolor enim. Fugiat magnis deserunt ridiculus id ad cupidatat nunc id sed vivamus qui penatibus. Veniam magnis minim vel sunt ipsum potenti occaecat nascetur magnis ornare sunt laboris nunc occaecat.|Non libero vestibulum culpa in deserunt laborum commodo ut culpa. In consequat hendrerit duis reprehenderit minim velit nostrud voluptate sit aute incididunt reprehenderit dis reprehenderit cupidatat. Proident occaecat incididunt enim ipsum exercitation eu aute qui deserunt sagittis ullamco. Esse vestibulum sapien dolore suspendisse potenti excepteur id minim incididunt veniam enim. Lorem dolor elit curabitur laboris vel ex parturient aute do sint nisi exercitation nascetur dis duis. Cupidatat duis labore labore velit minim blandit enim incididunt massa id ullamco dolore ad elit.|Duis amet ipsum vivamus culpa aute penatibus laborum culpa voluptate sed ullamco labore incididunt tempor laboris. Esse dis et eiusmod est sunt natoque duis aliqua sapien vestibulum aute mus potenti. Ridiculus eiusmod ad labore amet excepteur parturient commodo. Ut reprehenderit id amet non deserunt enim qui fugiat eu. Lorem mollit dolore proident ex sed ut vestibulum.|Curabitur consectetur libero ea sunt lorem velit etiam potenti incididunt lorem massa. Hendrerit ridiculus incididunt minim nascetur mollit cillum magnis sint adipiscing aliquip ullamco libero. Voluptate ornare eiusmod ullamco blandit magna qui magnis magnis id ridiculus. Ridiculus vel ex ea anim mollit blandit adipiscing dolor non occaecat potenti mollit cillum. Irure adipiscing vel consectetur tempor adipiscing eiusmod eu. Est voluptate duis vivamus officia aliqua veniam ut est tempor commodo ut cum duis deserunt vel. Consequat enim fugiat elit sagittis culpa magna sit parturient veniam vivamus nunc veniam eleifend cupidatat laborum.|Aliqua quis ea anim nulla duis qui tempor eu. Vel do anim aliqua est reprehenderit non sociis ex aliqua excepteur sit sed nostrud cum potenti. Labore in ullamco in sapien cum cum consequat suspendisse eu etiam nisi ea. Fugiat vestibulum id nisi eleifend qui ridiculus quis voluptate ullamco in. Exercitation suspendisse exercitation consequat eiusmod laboris officia nisi nascetur proident.|Duis dis sapien incididunt id sapien blandit eleifend cum curabitur dolore montes libero. Qui proident enim est nostrud incididunt tempor do. Cum anim penatibus dolore ornare ullamco fugiat occaecat sapien parturient laborum hendrerit lorem penatibus. Hendrerit esse cum consequat sapien ullamco mollit esse aliqua mollit excepteur sed velit est montes. Nunc magna mollit sociis laborum dis laborum nostrud consectetur dis. Irure hendrerit ipsum magna officia id sagittis ornare suspendisse in lorem adipiscing incididunt massa ut. Natoque vel pariatur nulla nostrud duis veniam nascetur.|Etiam enim sagittis id duis montes nulla parturient laborum culpa fugiat. Laborum duis sagittis deserunt veniam magnis natoque cum sunt. Cupidatat consequat reprehenderit non vestibulum eiusmod dolore quis. Blandit sed cupidatat enim amet mollit natoque lorem do aliquip aute cillum ornare. Vel natoque deserunt sint amet montes libero non blandit libero exercitation deserunt consectetur consectetur minim ea.;true
Little Women;9780451529300;Louisa May Alcott;449;Cuatro hermanas crecen y persiguen sus sueños en Nueva Inglaterra durante la Guerra Civil estadounidense.;Clásico;Ex est vestibulum magna deserunt do pariatur enim laboris nisi nulla magna officia ipsum magnis pariatur. Duis velit eu potenti occaecat sit nascetur culpa ut esse magnis do natoque. Laborum mollit aliqua curabitur voluptate do pariatur aute mus pariatur in elit non vivamus duis commodo. Aliqua magna reprehenderit cillum sit nisi dolor ridiculus sint consequat quis deserunt adipiscing ea aliquip curabitur. Consequat commodo minim veniam anim nunc nulla exercitation duis anim sed penatibus curabitur ex sit est. Potenti dis in eu cum lorem cum aliqua ut pariatur aliqua penatibus esse eu duis sunt. Veniam adipiscing consequat libero consectetur nisi cum consequat ullamco do minim.|Parturient lorem magnis dis tempor vel lorem esse vivamus cupidatat vel. Montes massa cillum magnis montes eiusmod sociis nulla incididunt tempor. Mollit magnis magna ornare consectetur voluptate elit adipiscing vivamus vel exercitation magna id eu sociis. Ea anim sagittis laborum velit cillum blandit vestibulum. Parturient est proident cillum consequat curabitur voluptate nunc irure velit ullamco culpa hendrerit consequat. Magna ornare ipsum qui commodo labore vivamus exercitation incididunt id est. Magna esse aliqua laborum tempor elit adipiscing quis mus curabitur esse commodo exercitation.|Amet eiusmod fugiat deserunt eiusmod penatibus aliquip eleifend sed adipiscing curabitur penatibus reprehenderit dolor. Incididunt ea non aliqua quis cillum ex esse. Magnis aliqua nisi nulla vel commodo natoque culpa do non cillum sed veniam minim natoque nulla. Mus duis exercitation vivamus potenti dolor aliqua parturient montes laborum potenti irure commodo ornare. Laboris sint quis natoque penatibus mus fugiat tempor lorem suspendisse.|Occaecat anim elit anim consequat ipsum elit dolor. Exercitation vivamus fugiat eiusmod montes aliqua consectetur mollit hendrerit mus nisi reprehenderit mollit. Duis vel vivamus aliqua ipsum penatibus consectetur sit amet potenti proident. Occaecat pariatur hendrerit suspendisse laboris vivamus ridiculus et deserunt. Ex montes consectetur sint parturient blandit officia amet libero amet quis.|Reprehenderit elit nunc aute sint deserunt pariatur suspendisse incididunt incididunt deserunt pariatur ea mus blandit. Ornare natoque mus nunc sagittis cum magnis enim etiam sapien elit mus. Montes id libero lorem qui fugiat aliqua velit nulla mus sed proident tempor laboris id culpa. Etiam libero commodo dolor hendrerit irure eu eu cum nulla eu cum tempor excepteur suspendisse. Irure minim occaecat penatibus id dolor hendrerit aute nunc deserunt esse.|Sunt dolore in voluptate vivamus pariatur non est velit aute. Etiam aliquip dolore magnis culpa natoque sint culpa esse proident minim nisi sint incididunt. Officia eu ut aliquip culpa fugiat ullamco occaecat dolore cupidatat nascetur excepteur nisi. Magnis parturient ullamco nunc do montes duis eu proident. Montes incididunt nascetur sapien cum ea sed excepteur elit. Vestibulum laboris in consectetur mollit nunc lorem culpa quis. Excepteur velit vestibulum fugiat deserunt etiam officia deserunt nunc sunt.|Do cum ex ipsum deserunt aute officia fugiat et. Irure deserunt ea etiam labore sagittis irure aliqua. Deserunt ipsum et sit ornare fugiat magna parturient potenti. Penatibus mollit in quis suspendisse velit minim montes libero exercitation.|Fugiat ornare sed deserunt nostrud aute anim sunt penatibus est penatibus quis vel. Penatibus massa commodo laboris parturient enim aliquip consectetur duis in occaecat sint vivamus ea cum magna. Nulla ornare cupidatat sapien anim dis mollit montes officia sagittis vivamus enim. Vivamus pariatur minim dolor anim esse commodo cillum dis penatibus ullamco labore sociis irure.;true
Jane Eyre;9780142437210;Charlotte Brontë;532;Una institutriz huérfana busca independencia y amor en la Inglaterra victoriana.;Clásico;Laboris cum hendrerit etiam laborum sapien dolor dolor hendrerit laboris massa commodo. Sunt excepteur irure labore vivamus amet magna et. Non laborum velit magnis fugiat incididunt ridiculus nisi deserunt magnis id. Minim dis consectetur incididunt cupidatat ea ea id. Ullamco ex anim nascetur sed aliqua ad consectetur.|Nunc est est vivamus eleifend qui vivamus aliquip elit vel penatibus eiusmod. Anim non nostrud cum irure dolore esse quis occaecat vestibulum duis. Suspendisse ex laborum excepteur fugiat excepteur occaecat id ea ex. Quis blandit ridiculus massa vivamus officia proident aliquip elit. Ex commodo blandit enim velit dolor blandit incididunt dolore sagittis reprehenderit magna. Veniam sed vestibulum sagittis id vivamus consequat in vel cum et in sociis et in. Quis eiusmod ridiculus mollit aute ipsum qui consectetur non elit vivamus minim massa minim qui ex.|Eleifend parturient laboris dolor aliquip qui sunt incididunt potenti magnis curabitur reprehenderit ad suspendisse. Montes enim ornare vivamus excepteur cupidatat nascetur laboris ex parturient. Mollit consectetur consequat potenti irure commodo sapien ut et hendrerit do veniam. Commodo consequat duis dolore culpa do aliquip sunt eleifend officia magna elit sagittis aliqua ullamco.|Ad massa sociis est sapien anim proident eu est do ipsum ut proident. Culpa aute ornare ex consectetur velit sapien nulla vestibulum incididunt qui libero hendrerit fugiat potenti. Labore sunt veniam non adipiscing aliquip enim esse ornare eiusmod. Commodo cupidatat est eu voluptate ullamco sagittis libero. Consequat magna veniam nisi lorem mus lorem nunc consequat. Minim fugiat qui sociis eleifend laboris ea amet sunt nulla velit aute minim ornare nostrud culpa. Nostrud est esse ea officia sint hendrerit minim in nulla amet.|Anim velit adipiscing cum nisi minim exercitation consectetur occaecat labore lorem minim anim et massa et. Libero est adipiscing eleifend duis eiusmod ornare irure reprehenderit lorem sint id est mollit curabitur etiam. Culpa esse nulla curabitur mollit in dolore sit ea elit laborum sed amet cillum. Esse voluptate nostrud commodo massa massa id vestibulum. Do enim lorem consequat blandit sociis proident elit quis deserunt commodo parturient reprehenderit.|Qui ex aute eiusmod dolore in elit voluptate libero suspendisse. Nulla eleifend sagittis minim ea do libero blandit duis nunc sint parturient consequat fugiat esse magna. Eu exercitation etiam labore incididunt est dis blandit exercitation duis adipiscing ullamco aute duis fugiat aliqua. Lorem montes do suspendisse reprehenderit sed ullamco officia do dolore pariatur. Culpa etiam libero aliqua dis quis dolor veniam nisi. Ridiculus duis nulla eu ipsum consequat cupidatat nascetur lorem exercitation enim est magnis ad hendrerit laborum. Blandit non dolore montes ornare curabitur montes eiusmod deserunt.|Duis sunt exercitation sit quis consequat parturient ut. Elit velit tempor labore eu pariatur ipsum sint velit. Mollit sagittis eu id excepteur hendrerit vestibulum pariatur veniam non natoque proident velit culpa. Labore cum do tempor exercitation sagittis massa mus commodo libero occaecat sint do. In fugiat officia est nascetur curabitur irure minim. Aliqua sed sunt mus commodo ea potenti eleifend eleifend do sunt culpa enim magnis. Adipiscing non natoque excepteur laborum sunt proident proident aute mus et amet blandit deserunt ipsum adipiscing.|Dolore est et aute suspendisse laborum reprehenderit eiusmod vestibulum adipiscing qui excepteur nostrud. Eleifend amet laborum vestibulum minim id culpa eleifend. Pariatur aliquip ad laborum penatibus potenti minim sunt proident blandit tempor eu exercitation. Culpa ut penatibus nunc natoque do suspendisse adipiscing culpa libero aliquip. Officia vestibulum penatibus vivamus vivamus cum natoque penatibus do. Curabitur irure sit laborum aute non quis quis vivamus hendrerit. Veniam minim nisi enim amet minim natoque suspendisse sunt pariatur libero nunc qui mollit in anim.;true
The Notebook;9780446520805;Nicholas Sparks;214;Dos jóvenes de mundos distintos viven un amor de verano que marcará el resto de sus vidas.;Romance;Esse officia magnis dolor mus qui sapien curabitur esse deserunt natoque aliquip montes dis reprehenderit nulla. Cum enim qui magna in dolor laborum eiusmod anim. Ridiculus curabitur dolore tempor et et sagittis nostrud est excepteur massa vel. Reprehenderit magnis dolore minim nisi penatibus sed sint. Ullamco et blandit occaecat sagittis ut mus dolor laborum veniam vestibulum consequat. Voluptate ea natoque sed id pariatur anim mus reprehenderit nostrud qui non.|Fugiat magna sint curabitur natoque cillum nisi vivamus incididunt vestibulum etiam est. Nulla vivamus duis adipiscing penatibus ornare dolor magna. Nisi nostrud eleifend sunt et deserunt et eu vel in anim etiam sunt nunc. Minim sint sed veniam vestibulum officia sint eleifend culpa ipsum qui ad massa.|Mollit sapien ullamco duis id pariatur dolore irure aliqua ullamco pariatur culpa. Quis cillum do nascetur excepteur voluptate qui hendrerit nulla nunc commodo. Et veniam cupidatat duis qui incididunt aliquip ipsum nostrud ex vivamus non. Labore blandit cupidatat penatibus excepteur qui consequat nostrud mus eu officia lorem non. Exercitation aliqua culpa vestibulum cillum aliquip quis tempor occaecat aliqua sit sunt proident nostrud.|Parturient mus libero culpa irure consequat nascetur in sunt qui quis. Irure do curabitur sagittis dolor sapien sagittis proident. Sagittis qui penatibus elit nascetur enim excepteur massa montes. Do aute vivamus reprehenderit hendrerit lorem ex sint nulla parturient est duis anim quis sociis. Aliqua laborum ridiculus consequat sociis mus non aliquip sociis etiam. Aliquip penatibus mollit ornare irure curabitur massa ad ex amet vivamus eleifend. Penatibus massa voluptate cillum curabitur proident natoque suspendisse tempor nascetur sagittis aliquip.|Aliquip curabitur fugiat eleifend blandit cum laboris etiam adipiscing reprehenderit blandit pariatur exercitation veniam eleifend sapien. Id magna pariatur enim vel elit nunc sagittis. Voluptate proident culpa elit suspendisse mollit lorem ullamco magnis sapien. Penatibus penatibus fugiat ea consequat cillum natoque duis reprehenderit amet. Eleifend enim laboris exercitation officia quis nulla sunt eleifend vel ad.|Magna consequat est elit vel libero amet sociis vestibulum sociis. Exercitation commodo esse in id natoque duis parturient velit nisi sit qui. Magnis culpa potenti quis fugiat nunc consequat nostrud exercitation minim exercitation nulla ex proident sagittis velit. Ornare sociis cum nascetur ornare cillum esse cupidatat exercitation quis ut nascetur eu cillum elit.|Magna elit nisi cillum aliqua nunc consectetur proident ornare deserunt amet sagittis libero. Consequat commodo nulla minim ullamco quis minim mus suspendisse mollit in veniam montes magnis. Parturient in dolor est magnis blandit sapien sit esse sagittis. Adipiscing libero potenti proident eleifend commodo reprehenderit elit laborum. Non libero vestibulum etiam elit do sociis nulla eleifend velit dis irure adipiscing hendrerit cillum in. Nulla blandit irure eu lorem vel hendrerit reprehenderit id. Occaecat ut qui libero vel consequat ex culpa consequat excepteur qui nostrud labore ad.|Hendrerit non dolore in exercitation ipsum exercitation eu. Officia in magnis adipiscing amet adipiscing cum excepteur consequat laboris laboris. Enim sunt sed velit libero ex quis ullamco laboris tempor dolore. Exercitation ipsum natoque cum labore vel ornare eu ad commodo elit magnis. Reprehenderit dis sapien eu sed sed aliqua commodo nulla dolore incididunt pariatur magna penatibus.;true
Life of Pi;9780156027328;Yann Martel;460;Un joven sobrevive un naufragio compartiendo un bote salvavidas con un tigre de Bengala.;Aventura;Sint elit aliqua qui excepteur sint deserunt laborum fugiat culpa ex officia qui. Laboris sociis massa adipiscing et etiam mus aliquip suspendisse vestibulum ridiculus do esse blandit dolore sint. Proident laboris blandit non occaecat vel sit amet magna. Consectetur quis duis quis curabitur mus et magnis do culpa consequat esse vestibulum mus sagittis vestibulum. Et pariatur ut penatibus ullamco etiam ullamco irure magna. Aliquip deserunt commodo sagittis montes nisi sit consectetur laboris. Velit excepteur id sed amet etiam libero commodo.|Nisi irure vestibulum in eleifend laboris mus laboris ornare libero dolore sunt incididunt. Ex amet laboris elit qui libero do reprehenderit do laborum duis deserunt. Ipsum natoque sociis sagittis hendrerit deserunt labore veniam suspendisse. Irure incididunt vivamus dis ut elit suspendisse commodo deserunt. Mollit duis qui ornare montes dolor magna nostrud non dis. Eleifend ipsum non incididunt massa deserunt parturient deserunt fugiat.|Officia amet aliqua ut amet mollit esse sagittis cupidatat qui libero veniam magna esse eiusmod culpa. Ullamco dolore vel amet id pariatur dis deserunt curabitur. Magnis montes aute suspendisse sit occaecat et parturient dolore ipsum. Sagittis sociis quis montes aute mus nascetur sit proident quis elit nulla hendrerit. Aliquip aute est aliqua sed aute officia ea suspendisse enim cupidatat excepteur dis voluptate sociis ea.|Aliqua anim amet mollit sociis incididunt sunt sociis etiam. Cupidatat lorem exercitation vivamus nostrud eleifend penatibus elit non ipsum nulla. Aliquip blandit hendrerit sapien pariatur massa blandit hendrerit cupidatat montes non. Adipiscing vel eiusmod esse cupidatat amet commodo laboris tempor minim commodo sed. Cillum deserunt potenti aliquip enim anim aute lorem cupidatat sapien blandit irure officia eleifend.|Duis anim sunt et nunc parturient sint dolore sociis excepteur labore sint lorem. Excepteur ut consequat sit natoque pariatur in hendrerit est. Eu irure fugiat ipsum montes exercitation suspendisse enim ridiculus libero non vivamus cillum ut. Commodo aliqua parturient aliquip ea ornare aliquip officia dis curabitur eu. Curabitur nascetur elit est curabitur ullamco excepteur est mus labore voluptate blandit vestibulum mollit massa qui. Quis ad qui commodo nisi nunc ornare voluptate sociis qui voluptate sunt minim hendrerit. Cupidatat aliqua libero potenti consectetur do ornare vestibulum.|Non mollit ut magnis ut excepteur blandit massa enim nunc culpa eu irure. Non pariatur veniam mollit amet elit deserunt nulla. Nostrud massa magna laboris lorem vestibulum ex enim. Consequat sociis aute mus eu dis aliquip nostrud sociis ea proident.|Qui voluptate sapien dis vivamus irure curabitur fugiat. Officia eleifend aute laborum massa officia consectetur sunt. Curabitur potenti ea velit officia est suspendisse commodo sit mus. Ridiculus hendrerit sagittis mollit anim cupidatat sapien id velit cum occaecat sed labore. Reprehenderit enim culpa aute deserunt nostrud eleifend lorem cupidatat nunc. Vivamus vivamus elit ornare cupidatat non do nulla. Eu consequat ut id nostrud sed laboris ornare ex id in nostrud sint pariatur id.|Ornare ex non nostrud velit ea ornare proident sit ipsum aliquip hendrerit quis massa aliqua vestibulum. Mus in cillum fugiat ex irure cupidatat montes hendrerit vivamus quis. Eu montes laborum ullamco eiusmod aliqua sunt esse. Anim do montes deserunt esse sapien blandit qui. Minim adipiscing natoque quis sint incididunt ea commodo nascetur ex veniam ad.;true
Water for Elephants;9781565125605;Sara Gruen;350;Un joven veterinario se une a un circo ambulante durante la Gran Depresión y se enamora de la esposa del domador.;Drama;Laboris aute aliquip mollit cillum qui nisi minim ut consequat consequat occaecat vestibulum id proident. Eu sunt vivamus commodo nulla mollit irure ut natoque excepteur penatibus officia eiusmod. Irure minim libero mollit nascetur laboris lorem ipsum do irure sunt. Deserunt sed hendrerit fugiat sunt vel suspendisse laborum ridiculus tempor ea nisi ex sit vel. Parturient consequat blandit sit esse magna vivamus do elit ea est anim sit do eleifend. Esse massa nostrud sit sint curabitur dolore excepteur nisi sed penatibus labore eleifend commodo.|Nunc dis in irure veniam etiam massa eu minim sociis massa curabitur sunt amet consectetur tempor. Sint nostrud elit enim suspendisse potenti eleifend qui adipiscing magna culpa penatibus laboris fugiat laboris qui. Irure id ad eu nunc non voluptate potenti consectetur laborum pariatur dolor curabitur sagittis. Anim magnis id ad commodo officia vestibulum cupidatat. Aute dolor et sagittis dolore etiam reprehenderit natoque cillum sunt.|Incididunt nulla blandit aute parturient do suspendisse id nascetur. Adipiscing officia labore cum suspendisse elit do fugiat deserunt non. Vestibulum suspendisse sapien aute blandit nisi nascetur officia nostrud magnis. Dolore est nisi exercitation adipiscing pariatur massa est anim blandit laborum. Enim magnis dolore nascetur est incididunt aliqua vivamus deserunt. Laborum enim vestibulum hendrerit pariatur ornare sint natoque sapien.|Duis incididunt dolor adipiscing anim minim minim nostrud consectetur sed dolore et. Magnis ipsum lorem eu nunc magnis cillum eu hendrerit lorem reprehenderit. Voluptate ridiculus minim esse incididunt culpa lorem reprehenderit eu vestibulum deserunt dolore sed ut exercitation. Sagittis aute amet ullamco nulla potenti ad ad vivamus labore sagittis mollit massa quis in ullamco.|Sit vel est ad est duis magnis massa non nascetur vel eleifend mollit ad. Ex anim eiusmod nascetur velit amet occaecat libero consequat non. Aute occaecat proident esse lorem nostrud eiusmod aliquip veniam sunt deserunt. Hendrerit ornare ex et massa incididunt eiusmod non dis dolor curabitur velit massa pariatur.|Magna etiam occaecat blandit vivamus magna vestibulum deserunt lorem commodo minim. Sagittis eu ex veniam non nunc curabitur eiusmod cum libero laboris penatibus blandit. Penatibus veniam elit aliquip pariatur deserunt curabitur cupidatat ipsum enim. Sed dis elit eu dolor dolor irure velit consectetur non adipiscing veniam dis duis aliquip. Veniam suspendisse blandit officia sunt aliqua velit cupidatat eiusmod cupidatat blandit irure esse id.|Duis ad aliquip montes vestibulum dis massa velit. Vestibulum deserunt cillum minim ad et proident reprehenderit vivamus hendrerit aliquip. Natoque quis cum eiusmod lorem sint natoque sapien proident curabitur mus hendrerit enim eiusmod sed. Duis sapien sagittis labore amet sunt sagittis natoque commodo proident natoque suspendisse reprehenderit.|Do eu etiam cillum laboris velit ullamco libero reprehenderit. Ut cupidatat esse labore est aliqua nulla nostrud etiam dolor aliqua lorem nulla nascetur duis. Libero ipsum voluptate hendrerit hendrerit dolore sapien mollit sapien adipiscing pariatur dis ornare. Sit nunc voluptate voluptate esse sunt cillum blandit aliqua cupidatat vivamus incididunt ad cillum dolore.;true
The Book Thief;9780375831003;Markus Zusak;552;Una niña alemana encuentra refugio en los libros mientras la muerte narra los horrores de la Segunda Guerra Mundial.;Drama;Id elit montes blandit mus tempor occaecat reprehenderit dolore. Irure ridiculus mollit et aliqua ad est nunc. Ornare enim sunt ad exercitation dolor irure curabitur. Vestibulum montes duis mus quis ad magnis aute. Mollit magna voluptate sociis aliquip incididunt laboris incididunt ex eu vestibulum dolor duis. Veniam sociis cupidatat exercitation eu montes veniam eiusmod proident eleifend massa ornare. Et ea laboris incididunt suspendisse aliquip ridiculus irure etiam ridiculus commodo suspendisse.|Sapien montes occaecat deserunt velit aute est sit vel montes et veniam adipiscing eu penatibus sed. Cupidatat nascetur dis montes nunc anim sint cillum excepteur eu magnis pariatur aliqua. Veniam labore laboris commodo irure non eiusmod magnis non. Laboris in minim blandit sint nulla cillum ipsum elit sit excepteur nisi. Ut ipsum est hendrerit anim lorem hendrerit fugiat ullamco. Adipiscing nostrud fugiat incididunt sapien adipiscing cum nostrud reprehenderit cum nisi libero. Ea irure est velit nostrud vivamus ad vel amet.|Libero dis suspendisse aliqua non consequat montes incididunt minim occaecat aute curabitur. In massa sapien ex mus ut incididunt eu. Libero excepteur nulla sed deserunt lorem commodo hendrerit cupidatat fugiat mus ridiculus. Dolor tempor adipiscing tempor eiusmod cupidatat occaecat vel tempor ad. Ridiculus velit lorem nostrud mollit magna cillum ex labore penatibus. Sint parturient penatibus magnis suspendisse adipiscing vestibulum suspendisse mollit elit culpa ridiculus penatibus.|Vivamus esse laborum do massa laboris dolore cupidatat cillum minim reprehenderit duis ea. Pariatur occaecat laborum dolore mollit montes ridiculus magnis hendrerit. Blandit mollit curabitur esse et eleifend ullamco deserunt magna sociis sapien. Pariatur labore ridiculus consequat cillum ex irure curabitur laboris natoque sapien mollit vestibulum qui non. Nostrud sint ipsum ullamco ullamco proident reprehenderit amet dolor amet exercitation. Reprehenderit ea ad reprehenderit exercitation et duis ornare laborum. Tempor quis ut dolor reprehenderit sunt amet blandit vel nostrud.|Est ut minim parturient eiusmod esse potenti aute magnis. Fugiat sapien reprehenderit ridiculus ipsum ipsum consectetur quis magnis massa enim aliquip. Mus nostrud suspendisse labore non deserunt vestibulum nascetur mollit aliquip reprehenderit reprehenderit laborum ornare massa elit. Veniam sunt massa labore nunc labore laboris hendrerit minim aliquip sit aliqua culpa.|Curabitur deserunt in vestibulum irure sapien mollit laboris. Nulla veniam libero aliquip quis parturient vel exercitation deserunt tempor qui sunt hendrerit eleifend libero. Montes potenti nostrud non qui laboris ad non proident nostrud sagittis libero id sapien massa. Et cillum laborum ex magna vivamus vivamus sed enim ipsum eu nostrud veniam.|Dolore ad laboris sagittis ut blandit parturient ipsum. Consequat vel esse amet ad amet magnis aute tempor potenti aliquip potenti eu sed montes aliquip. Amet proident nascetur deserunt laborum nostrud ut mollit est ullamco ex laboris elit qui consequat. Sapien tempor ad suspendisse sit eu pariatur proident sagittis vivamus hendrerit sociis penatibus. Vel ad est qui veniam blandit adipiscing vel cillum aliquip fugiat blandit commodo.|In ad nascetur officia tempor nostrud veniam vestibulum in eleifend incididunt sagittis id cum. Natoque vel minim tempor cum lorem voluptate adipiscing sit ut nisi cupidatat duis. Id reprehenderit velit cum laboris est laborum in magnis nulla eleifend sunt do. Magnis blandit reprehenderit sed amet enim ut vivamus excepteur.;true
Fahrenheit 451;9780345342966;Ray Bradbury;194;En una sociedad que prohíbe los libros, un bombero encargado de quemarlos empieza a cuestionar su papel.;Distopía;Sunt sit massa natoque anim duis minim excepteur irure nulla curabitur libero elit potenti ea reprehenderit. Etiam officia anim duis etiam blandit sint labore. Et sit eu labore eu vivamus hendrerit mus eiusmod id sapien velit officia esse ea. Ipsum pariatur hendrerit vel dolor sint amet irure voluptate sociis blandit proident.|Deserunt ea exercitation occaecat reprehenderit natoque quis eu cupidatat. Duis pariatur reprehenderit consequat cum ex fugiat do in ea amet id massa potenti. Etiam veniam eleifend nulla magnis anim aliqua dis ipsum dolor ea. In blandit enim nunc curabitur eu minim id sed fugiat cupidatat do ornare. Do exercitation eu ut sagittis incididunt anim incididunt consequat potenti ex dolor consectetur ex. Nulla libero sit cupidatat magnis vestibulum non fugiat.|Pariatur eu laboris sed enim aliqua massa exercitation excepteur nunc consectetur. Proident ullamco nisi qui qui ad ipsum laborum. Do etiam cupidatat deserunt nisi nostrud eleifend ut qui laborum commodo pariatur. Labore ex velit aliquip irure lorem tempor sit ad montes sit duis cillum sagittis. Dolore elit consequat cupidatat sit quis dis sagittis labore. Sociis ipsum adipiscing irure sit sint eiusmod dolore proident eu occaecat nunc eu qui proident duis. Reprehenderit aliquip cillum qui vivamus suspendisse sagittis exercitation laboris ipsum labore.|Ut sint vestibulum magna adipiscing cum minim adipiscing consequat ad adipiscing vestibulum do excepteur laborum duis. Officia potenti magnis ornare culpa veniam non lorem elit quis dis ornare cum non. Vivamus potenti suspendisse qui libero sagittis duis anim sunt. Hendrerit irure occaecat nunc ullamco ridiculus enim elit sed blandit pariatur do. Deserunt nisi montes ex elit curabitur labore deserunt velit proident lorem nisi sit commodo lorem eleifend. Suspendisse penatibus velit ullamco potenti esse enim ipsum.|Suspendisse ea penatibus nostrud cillum montes ut aliquip ridiculus sunt massa velit. Dolor enim etiam velit quis officia qui ridiculus velit culpa ad culpa. Aute ridiculus qui sed potenti irure laboris lorem duis ad in. Ea parturient curabitur cupidatat ea dis aute elit vestibulum elit etiam culpa deserunt ullamco ornare.|Ad sit dis ipsum exercitation ullamco pariatur esse laboris cupidatat nunc deserunt potenti. Nulla pariatur cillum natoque veniam suspendisse dolor amet natoque massa lorem adipiscing. Montes blandit enim eu non laboris magna aliqua etiam sit excepteur do sociis voluptate non. Vivamus etiam exercitation dolor magnis nostrud ullamco montes suspendisse ex sunt velit ad ad. Laboris cupidatat irure curabitur ex parturient ad mus eu est potenti hendrerit commodo penatibus cum blandit.|Duis irure ea vel vel nascetur qui mollit esse do. Enim non laboris in magnis nostrud fugiat hendrerit dis magna eleifend cupidatat ea excepteur sapien. Vestibulum ut eu potenti occaecat anim quis elit dis minim non. Natoque eu culpa voluptate sit lorem commodo deserunt cillum. Vivamus esse tempor sociis eiusmod incididunt dolor laborum proident qui parturient. Eleifend aute irure potenti sint sunt ipsum parturient anim officia aliquip eu sagittis.|Veniam tempor laborum mus hendrerit mus aute eleifend nascetur commodo tempor. Aliquip qui et mus lorem id ornare massa. Id eleifend elit aliquip adipiscing adipiscing proident magna quis. Ridiculus eleifend officia elit montes sagittis lorem id cupidatat incididunt blandit excepteur. Anim consequat non amet est montes magnis potenti sagittis eu magna dis.;true
Where the Sidewalk Ends;9780060513030;Shel Silverstein;176;Una colección de poemas ilustrados llenos de humor e imaginación para lectores de todas las edades.;Poesía;Quis quis tempor id parturient esse officia officia. Sapien parturient ridiculus hendrerit adipiscing incididunt mus nunc excepteur incididunt incididunt irure eleifend excepteur. Potenti eiusmod duis deserunt officia vel vivamus ut reprehenderit blandit laborum voluptate minim nulla. Magnis culpa consectetur sagittis voluptate ipsum minim ad non adipiscing non ad dolore.|Ornare sint sociis deserunt irure velit do duis culpa esse. Culpa officia nisi sapien parturient nisi penatibus reprehenderit quis laboris pariatur blandit. Suspendisse eleifend in curabitur sint nulla cum sociis adipiscing ornare ad. In dolor curabitur dolor cupidatat eu vestibulum nisi. Sunt anim laborum nunc penatibus laborum et eu eu culpa et commodo sed. Ipsum hendrerit montes montes cillum eiusmod dolore hendrerit aute hendrerit.|Magna nulla adipiscing massa et nisi anim sunt montes cillum. Vel ridiculus massa magna vivamus ridiculus sagittis nisi ea cupidatat deserunt. Veniam velit est adipiscing eu enim aute dis ipsum curabitur. Ut ea nascetur esse in do commodo cupidatat hendrerit labore aliqua massa sint commodo. Dolor montes laborum proident labore veniam deserunt incididunt esse nascetur vestibulum.|Sit cillum vel excepteur elit deserunt ad in ea. Occaecat ut lorem incididunt consectetur velit dolor ullamco occaecat veniam id voluptate. Fugiat laborum blandit aliqua aute consectetur officia hendrerit ea sed. Ipsum commodo elit pariatur qui est nunc curabitur. In et laborum ipsum reprehenderit etiam incididunt minim sit eleifend.|Curabitur magna nostrud incididunt potenti nostrud etiam aliquip. Non mus nunc incididunt nascetur dolor culpa cum curabitur enim reprehenderit. Qui vestibulum cillum id lorem aliqua lorem consequat penatibus consectetur ipsum sed aute proident. Dolor occaecat ullamco libero occaecat sed hendrerit sed. Ullamco proident reprehenderit laborum pariatur proident ullamco eiusmod lorem potenti mollit nascetur irure non.|Hendrerit nunc eiusmod vestibulum curabitur consequat laborum laborum tempor. Parturient aliquip vestibulum magna esse velit laboris ea nostrud consectetur laborum vel fugiat irure parturient eleifend. Sunt amet do eiusmod aliquip labore aliquip nulla voluptate dolore velit. Occaecat et sit elit velit excepteur ipsum minim veniam nascetur suspendisse sint massa lorem blandit cillum. In massa sagittis laboris penatibus dolore etiam enim nascetur aliquip laborum ullamco hendrerit sunt dolore aliquip. Cupidatat voluptate velit sunt mus elit est ornare etiam massa ad curabitur blandit. Reprehenderit incididunt cum aliquip cum do etiam lorem non natoque commodo excepteur esse montes massa.|Anim nascetur dolore nunc aliqua curabitur sunt consequat lorem pariatur nostrud in eleifend. Id deserunt sociis proident vel lorem mus fugiat aute do. Eleifend hendrerit non eleifend eu sociis sagittis tempor do. Laborum parturient magnis sapien enim pariatur eu sint pariatur ea vivamus pariatur libero.|Mollit occaecat nunc nunc ridiculus cillum laborum amet penatibus non mollit cillum fugiat exercitation proident qui. Ornare nisi est deserunt veniam massa nostrud sagittis sit irure penatibus et. Incididunt deserunt dis exercitation ad nunc vivamus etiam do aute parturient libero veniam proident. Aliqua qui aliquip officia curabitur non amet potenti curabitur non in nulla nisi nulla ad id. Reprehenderit mus occaecat duis excepteur etiam enim laboris sit vestibulum laborum consectetur voluptate. Suspendisse vestibulum esse duis sociis est sapien nisi dolor. Fugiat sint duis labore magna vel nulla exercitation.;true
Eragon;9780375826696;Christopher Paolini;513;Un joven granjero encuentra un huevo de dragón que cambiará el destino de todo un reino.;Fantasía;Irure proident ex montes aliquip blandit hendrerit ad blandit nascetur dis. Nisi labore minim laborum curabitur suspendisse exercitation velit quis laborum dolore ridiculus veniam eu. Ullamco massa aliquip sit minim commodo consequat laborum mus. Magnis ut sit eiusmod veniam magna ridiculus quis. Cupidatat massa massa eiusmod labore occaecat veniam anim sed deserunt cillum hendrerit ornare.|Dolor libero do ut cum penatibus sint minim curabitur dolor duis exercitation cupidatat. Veniam lorem quis consequat potenti ex aliquip tempor irure curabitur in fugiat eu. Culpa id dis enim mollit eu sapien magna hendrerit consectetur est irure dolor dolore libero minim. Vel mus vestibulum montes in dis ipsum montes dolore consectetur voluptate montes id irure. Nunc sit deserunt magnis dolor vel nascetur est et consectetur proident aliqua laboris dolor voluptate. Natoque magnis duis hendrerit occaecat magna minim est ad libero sagittis adipiscing sunt proident duis. Eiusmod sagittis ad eu labore magnis sit consectetur cupidatat sociis.|Velit exercitation velit amet exercitation cupidatat fugiat sint natoque massa natoque parturient consectetur magna labore. Vivamus eleifend dolor elit etiam reprehenderit non amet ullamco reprehenderit reprehenderit nulla aliquip libero nostrud irure. Potenti potenti mollit sociis montes voluptate laborum quis potenti ex commodo enim occaecat laborum. Fugiat penatibus quis voluptate suspendisse laborum nostrud nisi cillum nunc amet voluptate incididunt qui nulla. Montes ut laboris aute consectetur sunt pariatur etiam natoque est adipiscing deserunt consequat eiusmod dolor.|Sapien adipiscing pariatur in ex hendrerit aute pariatur massa adipiscing vestibulum. Duis etiam ridiculus non consequat consectetur esse excepteur natoque sociis blandit etiam incididunt est. Mus id nostrud vestibulum massa elit culpa ridiculus cupidatat quis ipsum. Lorem curabitur cillum laborum ornare est eu natoque consequat sit cillum do montes cillum exercitation. Ad in occaecat consequat voluptate duis laborum mollit ullamco elit amet ridiculus. Sit vivamus dis amet cillum potenti fugiat libero dolor.|Consequat ut anim cupidatat labore blandit officia curabitur. Dolor ipsum id qui sociis commodo officia culpa nostrud esse. Deserunt cum in sunt eleifend velit laboris vivamus et ut anim est blandit. Id labore exercitation irure eiusmod ornare enim ullamco parturient ornare sagittis sed. Minim parturient mus nunc cum massa massa aute non ornare culpa.|Eiusmod id consequat magnis vestibulum nisi fugiat elit massa laboris anim massa pariatur qui aute nulla. Nostrud qui pariatur enim potenti ex irure exercitation amet ea veniam aliquip. Voluptate dolore consequat minim ut voluptate sunt sed eiusmod laborum consectetur curabitur consequat laborum adipiscing sint. Id natoque culpa id hendrerit sunt potenti adipiscing commodo non eiusmod anim amet anim. Mollit laborum sagittis lorem blandit sociis ut sapien quis ea ridiculus. Anim incididunt ex aliquip occaecat labore non cum dis magnis occaecat do culpa ridiculus sagittis. Cillum est culpa sint velit duis ullamco proident parturient nascetur eu occaecat.|Mus sociis elit in esse fugiat sint suspendisse ex incididunt vivamus dolore velit parturient in. Pariatur qui sunt sint esse cillum ullamco aliquip quis velit ullamco adipiscing nostrud eiusmod culpa etiam. Reprehenderit natoque lorem aliquip culpa dolore velit anim consectetur laborum aliqua. Natoque pariatur dolor ut exercitation ridiculus exercitation ullamco culpa reprehenderit ornare ea eiusmod sociis. Irure suspendisse incididunt tempor magnis cum consectetur parturient esse anim ex veniam dolor. Ridiculus do sit curabitur velit dis minim amet vestibulum nascetur et sociis mollit.|Sint deserunt labore ullamco cum ea dolore consectetur suspendisse. Officia aliqua laborum fugiat sagittis cupidatat eu blandit amet aute. Nisi sociis ea sapien aliquip irure ad in curabitur. Elit dis labore sagittis est et incididunt parturient magnis excepteur sint in. Magnis nisi montes nostrud sunt vel excepteur laboris. Nulla labore laborum excepteur exercitation sociis aliquip amet elit enim id potenti sint cum esse massa. Aliqua labore ipsum cum montes excepteur mus tempor voluptate cum.;true
The Hitchhiker's Guide to the Galaxy;9780345391803;Douglas Adams;224;Un terrícola recorre la galaxia tras la destrucción de la Tierra, acompañado de un peculiar grupo de viajeros.;Ciencia Ficción;Aute in sint anim ex cillum excepteur libero mus hendrerit ut nulla magnis velit ad nostrud. Nascetur lorem dolore sint vivamus quis officia potenti eleifend. Eu ex in magna mollit sapien sagittis velit deserunt nunc consectetur aliquip ex. Curabitur cillum consectetur tempor esse eleifend id tempor occaecat potenti suspendisse dis dolor. Ornare sit hendrerit ut ex ullamco irure culpa massa est. Natoque mus mollit ullamco do cillum cupidatat sagittis adipiscing ornare reprehenderit ornare exercitation cum esse. Aute ornare cum duis lorem nascetur exercitation id natoque eleifend in eleifend aliqua vel officia adipiscing.|Sint aliquip sint magnis voluptate lorem sagittis natoque minim qui parturient proident. Nascetur reprehenderit dolor reprehenderit deserunt sunt aliqua elit parturient amet sapien veniam. Dolor eiusmod vel nulla sed blandit incididunt ad commodo occaecat amet natoque occaecat etiam sit id. Commodo enim esse vestibulum magna irure ipsum deserunt velit. Pariatur esse etiam dis commodo in qui esse magnis id.|Nascetur ex ex non ridiculus dolor ex natoque minim officia incididunt curabitur elit. Laboris commodo natoque vestibulum natoque cupidatat officia parturient laborum. Libero anim consequat suspendisse consectetur velit id excepteur ridiculus labore. Aute nisi cum culpa curabitur sed vivamus consequat ullamco. Nisi consectetur aliqua massa anim cillum duis officia quis aliqua pariatur nunc. Laboris consectetur vivamus commodo sapien et parturient ornare libero exercitation.|Libero et aliqua nunc minim deserunt massa ipsum. Sed massa elit occaecat sit vel anim ea non proident consectetur dolor. Culpa veniam incididunt penatibus minim ut laboris lorem occaecat sunt montes ornare aliqua laboris nascetur. Quis nulla consequat adipiscing enim nunc officia laborum natoque in reprehenderit. Fugiat ullamco tempor nunc ut nunc qui sociis curabitur nulla. Sit ullamco sapien cupidatat labore excepteur culpa cupidatat mollit vel proident.|Suspendisse labore eiusmod non id cum sit ut id magna aute cupidatat. Sed nascetur minim in sapien aute amet laboris dis sociis etiam. Elit sapien enim occaecat cupidatat qui sociis massa eu sit potenti dolor minim aliqua labore. Nostrud massa sunt in nascetur adipiscing natoque cillum aute consectetur vel. Ea curabitur commodo sapien esse ad vivamus blandit aliqua aute vestibulum anim nascetur nulla adipiscing. Nisi sociis eleifend ridiculus ridiculus montes blandit non. Sapien aliqua in cum dolor ea culpa irure sunt vestibulum aute est veniam vel.|Laborum consectetur fugiat libero nisi potenti ornare proident sapien consectetur anim. Reprehenderit veniam enim enim dolor eleifend ex sint fugiat exercitation laborum laborum occaecat officia mollit minim. Sunt lorem non dolore excepteur natoque magnis vestibulum incididunt consequat montes libero commodo. Enim nunc natoque montes ornare nascetur magnis pariatur labore. In sint penatibus occaecat fugiat aute cupidatat deserunt ut minim ipsum.|Reprehenderit voluptate pariatur reprehenderit natoque nostrud in eu vel sed ad. Tempor irure do aliquip natoque non eu sit quis. Laboris pariatur do nunc veniam elit voluptate sint curabitur vel curabitur natoque adipiscing sint eiusmod laboris. Sapien cum adipiscing pariatur labore eleifend ipsum aliquip. Curabitur nostrud ridiculus penatibus et aute ridiculus duis eleifend dis parturient ridiculus etiam. Velit mus suspendisse magna cum id officia nisi etiam sagittis ea irure in lorem etiam.|Culpa reprehenderit mus ut nunc nascetur ridiculus consequat proident. Est laborum mollit hendrerit blandit libero suspendisse aute excepteur sint anim cum. Vestibulum officia ipsum massa magna dolor vel non irure magnis commodo sint adipiscing. Suspendisse massa sapien eleifend montes minim potenti officia cupidatat dolore eleifend cillum esse ipsum.;true
Brave New World;9780060929880;Aldous Huxley;288;Una sociedad futura controla a sus ciudadanos mediante el placer, la genética y el condicionamiento.;Distopía;Suspendisse dis aliquip anim ex curabitur laboris dolore montes veniam. In aliquip incididunt elit libero laborum vestibulum laborum ea voluptate cillum et lorem ipsum. Ridiculus libero etiam dis sapien mollit velit nostrud esse anim exercitation eleifend proident minim. Potenti vel occaecat vivamus in penatibus pariatur eu sed. Amet velit esse nascetur do est officia deserunt. Velit montes libero minim sapien cum ornare parturient laboris exercitation laborum sagittis et. Nisi ea ut etiam potenti sint deserunt eu id suspendisse vel.|Non occaecat anim amet incididunt sociis duis deserunt montes cillum vivamus ex cupidatat sociis hendrerit. Vestibulum sapien nascetur nascetur id pariatur sunt adipiscing vel. Eu non eiusmod reprehenderit adipiscing dis quis duis. Ridiculus etiam sapien minim blandit esse suspendisse et nunc. Enim hendrerit nunc pariatur occaecat mollit ex curabitur minim etiam id ridiculus cupidatat vestibulum hendrerit. Lorem cillum cupidatat eiusmod ut minim ex sed elit mollit nunc vivamus occaecat labore labore. Non proident qui anim reprehenderit ipsum sint commodo vel aliqua etiam vivamus mollit commodo consectetur.|Blandit id incididunt do vel vivamus magna etiam cillum vivamus eleifend vestibulum ipsum amet. Eu nunc excepteur pariatur hendrerit magnis curabitur voluptate suspendisse proident labore. Suspendisse massa curabitur non natoque pariatur nostrud nostrud ut laborum voluptate hendrerit sint sapien parturient. Qui ea sagittis massa id nostrud ex nisi tempor cillum. Id sed sunt labore do etiam nostrud cillum ea sapien suspendisse magna ex. Eleifend consectetur voluptate dolore qui ridiculus consectetur tempor libero anim.|Et dis montes ad lorem penatibus blandit etiam esse nunc quis blandit hendrerit. Ex in ex mollit nostrud aute eu eiusmod ex cupidatat eu. Consectetur massa vestibulum sociis aute dis irure dis. Incididunt voluptate enim quis ut parturient laborum labore montes pariatur esse. Fugiat et ex proident do ad ad cillum nunc laborum sociis. Sint proident incididunt aliqua parturient sit libero ipsum.|Ad blandit est officia sint suspendisse aliqua exercitation aute blandit elit. Mollit natoque officia ipsum esse voluptate sunt suspendisse deserunt consequat parturient id cillum. Non duis ipsum ridiculus officia ullamco vestibulum commodo laboris vivamus incididunt consequat anim sint. Esse id voluptate dolor aliqua ut vivamus magna ridiculus ridiculus in. Commodo aliqua hendrerit tempor etiam enim suspendisse sit culpa qui culpa magnis id pariatur enim enim.|Minim sed nulla blandit vivamus reprehenderit ea commodo. Est hendrerit tempor ipsum voluptate cum libero excepteur deserunt. Irure esse etiam fugiat cillum cum vivamus non. In incididunt proident hendrerit sed hendrerit ad ex laboris sapien duis ut aliquip cupidatat irure penatibus. Ullamco non mus ad culpa qui magnis ullamco aliqua cupidatat nisi libero reprehenderit voluptate anim. Magna cillum pariatur enim amet libero sed anim libero montes parturient duis consequat.|Libero anim esse vel vivamus et hendrerit exercitation nulla nostrud enim mus in. Lorem sed tempor culpa laboris pariatur aute ridiculus dolor voluptate ridiculus eleifend reprehenderit laboris. Nunc cupidatat non laborum anim pariatur qui officia exercitation eu in consectetur potenti id sunt. Sed reprehenderit magnis nunc anim commodo montes do exercitation eleifend potenti vel reprehenderit nascetur vestibulum. Magnis massa est ridiculus sint nunc sociis libero ornare montes aliquip nulla.|Aute ea mus occaecat voluptate massa laboris velit sed excepteur eleifend nulla ridiculus. Veniam quis sit potenti nulla qui nulla aute eleifend consectetur minim pariatur. Exercitation suspendisse montes labore dis ullamco cum commodo excepteur sunt et eiusmod potenti est. Dolor minim velit lorem occaecat aliqua cum reprehenderit ullamco in penatibus proident consectetur cillum.;true
The Secret Life of Bees;9780142001740;Sue Monk Kidd;302;Una adolescente huye de casa y encuentra una nueva familia junto a un grupo de apicultoras afroamericanas.;Drama;Nostrud in magnis tempor libero elit elit et potenti sit eleifend hendrerit potenti irure nisi. Occaecat irure nulla dis adipiscing cupidatat deserunt sit vivamus tempor pariatur enim enim. Sagittis reprehenderit vel irure do ad nisi eleifend blandit dolor. Ornare eu massa ipsum etiam sociis adipiscing sapien suspendisse sapien sed sint magnis. Amet eleifend mollit sed ullamco non proident magna irure ornare consequat cum ex non id libero. Vivamus non excepteur elit in anim adipiscing lorem ipsum nisi montes.|Eleifend montes sagittis penatibus montes sagittis etiam ipsum magnis curabitur. Elit nascetur enim potenti adipiscing magna non labore incididunt cupidatat parturient nunc quis anim. Eu id parturient cillum commodo cupidatat duis vel veniam lorem aute. Laborum natoque mus penatibus massa libero vel mollit magnis. Sunt vivamus parturient in fugiat sed do occaecat amet deserunt sint natoque id tempor.|Magna dolore commodo cum nulla fugiat vel incididunt in ut eiusmod. Potenti ex in anim nulla culpa sagittis do ipsum proident duis do. Sapien amet exercitation dolor labore consectetur eleifend vestibulum massa lorem tempor ornare nunc parturient. Nunc veniam eleifend suspendisse vestibulum cum curabitur laborum fugiat do sit nunc vestibulum nostrud cupidatat quis. Dolor irure sunt potenti libero vivamus magnis sit vivamus laborum esse ex in.|Magnis ea mollit eu incididunt mus elit incididunt qui ipsum qui velit sapien mollit penatibus dolore. Id officia exercitation irure aute elit culpa ea amet aute sapien. Fugiat excepteur officia tempor etiam id consequat pariatur proident ipsum nascetur nascetur. Tempor suspendisse nascetur elit blandit duis nunc sint voluptate nunc laboris pariatur nostrud parturient. Sunt officia ornare reprehenderit mollit tempor consequat labore fugiat fugiat est amet consectetur commodo parturient montes.|Vel ut ut dolore aliqua ut vivamus aute sit. Nisi vestibulum vestibulum laboris aute consectetur dolore commodo sagittis ex ut officia penatibus natoque aliquip nunc. Vel pariatur consequat reprehenderit aliquip nascetur officia exercitation ut ut hendrerit. Lorem elit ut sociis nostrud quis libero hendrerit massa. Penatibus deserunt adipiscing sapien suspendisse sint massa pariatur quis penatibus sapien est.|Sunt sint laborum laboris blandit sed eiusmod dis ut sed fugiat parturient sapien penatibus pariatur. Do ipsum sit est duis sapien labore irure etiam pariatur qui suspendisse suspendisse est commodo cillum. Nunc cum cum reprehenderit nunc laboris excepteur excepteur magna blandit fugiat officia. Laboris eleifend tempor nisi aliquip adipiscing esse excepteur cupidatat dolore dolor amet veniam. Commodo occaecat excepteur nulla cillum lorem quis aute voluptate magnis curabitur excepteur sint. Ullamco curabitur vivamus velit hendrerit tempor officia nisi adipiscing vestibulum enim magnis occaecat culpa do. Aute sed mollit eu ullamco natoque elit massa quis lorem.|Suspendisse elit magnis ea sunt cum duis laboris. Nisi dis enim sunt qui eu suspendisse est commodo ad minim nostrud proident velit qui. Dolor dolor amet aliqua officia ad laboris sunt commodo vel curabitur potenti vel officia libero. Nulla vestibulum cillum irure montes etiam suspendisse tempor commodo sunt fugiat veniam esse ridiculus enim tempor.|Montes aliqua eiusmod et ad culpa quis sit. Ipsum velit est mus hendrerit sociis sociis excepteur massa cupidatat laboris cillum sapien quis esse. Irure reprehenderit etiam blandit irure lorem ridiculus consequat vel labore etiam. Eiusmod ridiculus ornare mollit tempor proident dis sapien nulla sapien. Labore cupidatat quis voluptate in curabitur enim aliqua sagittis penatibus vel commodo proident vestibulum non anim. Penatibus irure nascetur dolor nostrud ea ad dolore.;true
The Adventures of Huckleberry Finn;9780142437180;Mark Twain;366;Un joven y un esclavo fugitivo navegan por el río Mississippi en busca de libertad.;Aventura;Aliqua ex potenti nostrud sociis cupidatat eiusmod pariatur laboris sapien in sed. Dolore dolor duis minim cupidatat elit blandit ipsum cupidatat hendrerit ad consequat. Sed laborum hendrerit proident dis libero potenti suspendisse curabitur non quis adipiscing veniam non magna do. Magna laborum ex fugiat eu esse pariatur cillum commodo aliqua ornare in aliqua nunc. Eu etiam adipiscing ea nunc etiam dolor occaecat sint. Dolore ornare sagittis magna culpa ipsum potenti sagittis eiusmod sapien dolor adipiscing.|Ex excepteur lorem exercitation eleifend reprehenderit veniam qui blandit. Etiam culpa elit sapien excepteur aute suspendisse duis potenti vivamus vivamus curabitur. Nisi officia suspendisse culpa nascetur ex penatibus ad. Duis qui non esse ad velit mus proident. Eiusmod suspendisse blandit esse in ad et commodo massa non voluptate labore nostrud commodo.|Anim eleifend commodo magnis voluptate magna nunc fugiat lorem. Est laboris qui vestibulum esse fugiat officia dolore vestibulum. Lorem nascetur in ex nulla est cum est reprehenderit consectetur dis excepteur id cillum. Nulla mus eu vivamus magnis sunt vivamus montes magnis etiam irure nostrud fugiat. Duis ut aute fugiat in suspendisse cum sunt suspendisse massa. Pariatur anim duis qui potenti officia ridiculus eleifend ea vestibulum suspendisse minim sagittis. Sapien mollit vel tempor dolor commodo voluptate et mollit cupidatat nostrud vivamus.|Sociis deserunt quis cum minim suspendisse ea occaecat parturient nunc eu lorem ad. Magna sint dis proident dolore culpa veniam culpa laboris libero sit. Potenti dolor enim aliqua ridiculus cum elit lorem sociis enim suspendisse curabitur. Nisi amet libero incididunt commodo ad excepteur officia. Aliqua natoque dis cillum mollit quis mus ornare penatibus sapien eleifend veniam sagittis montes. Magna ornare qui quis ex ut amet montes non potenti adipiscing cum ipsum officia voluptate. Suspendisse do cum aliquip aute ridiculus quis sociis cillum deserunt aliqua magna minim vestibulum in.|Enim nisi sapien consequat curabitur cillum sunt sagittis dolor suspendisse ex blandit. Irure dolore cillum hendrerit sapien cillum in cillum eu deserunt. Est eiusmod labore dolore sociis aute sed enim do dolore esse commodo mollit pariatur ullamco id. Penatibus veniam reprehenderit nulla lorem magnis nulla mus fugiat consectetur amet. Sagittis commodo sociis potenti nostrud fugiat nascetur excepteur blandit est laboris excepteur nostrud ridiculus. Ad pariatur nunc esse in sapien anim laborum.|Cum qui eu pariatur qui magna cum occaecat potenti veniam anim aute. Veniam montes in libero aliquip officia vivamus montes etiam sociis occaecat anim. Etiam proident dolor etiam ridiculus sit officia consequat lorem vel ex in officia. Tempor commodo aliqua magnis sit tempor montes anim.|Magna ipsum culpa natoque penatibus commodo nascetur ea ridiculus mus dolor sunt sunt suspendisse. Suspendisse vestibulum suspendisse est aliqua labore eiusmod sapien officia commodo sed ridiculus. Lorem ullamco aliqua anim excepteur laborum blandit laborum duis pariatur suspendisse amet excepteur. Ornare dolor minim ridiculus penatibus ea excepteur curabitur enim. Commodo blandit eu velit aliqua potenti parturient ut vivamus aliquip est minim vivamus consequat elit labore. Sapien dolore pariatur incididunt dis sagittis proident cum sed ex. Commodo cillum reprehenderit excepteur excepteur hendrerit ex ex sit amet pariatur non hendrerit.|Quis nulla duis id ex vivamus blandit pariatur exercitation libero sociis sagittis. Nulla incididunt veniam irure ullamco minim aliquip voluptate. Sunt commodo ornare culpa massa parturient consequat aliquip nulla sapien nulla vel anim velit. Laboris nunc velit fugiat fugiat consequat cum consequat sociis eiusmod enim velit sagittis. Eu cillum sit fugiat curabitur cum natoque sunt exercitation vivamus non. Esse quis vel natoque voluptate tempor id ex reprehenderit sagittis eiusmod aliquip proident ex.;true
Charlotte's Web;9780064410940;E.B. White;184;Una araña usa su ingenio para salvar la vida de un cerdito en una granja.;Infantil y Juvenil;Nunc in quis libero ipsum laboris ornare magnis mus fugiat. Aute magna consectetur exercitation consequat eiusmod officia nostrud fugiat dis potenti consectetur exercitation commodo cupidatat. Ea officia ex vivamus dis suspendisse nascetur in cupidatat ridiculus enim consequat. Laborum sapien reprehenderit nulla cupidatat ornare commodo lorem mus libero sed nulla blandit amet aliqua.|Consequat aliquip cillum nisi labore officia proident proident ad. Duis amet parturient est minim adipiscing est sit non nascetur pariatur nulla ea est mus sit. Massa occaecat sunt sed consequat aliqua sit irure amet culpa magna est minim. Parturient voluptate fugiat sit penatibus anim natoque sint deserunt pariatur parturient. Cupidatat qui excepteur exercitation parturient pariatur eleifend reprehenderit velit. Veniam sociis sociis suspendisse libero sint ullamco laborum dolore dolore blandit voluptate eu ut. Laboris sagittis quis mollit magna est labore fugiat potenti irure voluptate ornare aliquip sed.|Vivamus laboris culpa et duis velit elit dis quis potenti enim massa qui ex sed. Aliquip voluptate laboris incididunt qui lorem ut duis massa blandit sagittis parturient suspendisse. Blandit sunt aute id suspendisse consectetur natoque anim sint vestibulum non massa. Anim mollit ridiculus mollit quis cupidatat incididunt penatibus ad aliqua eu. Nunc amet duis vel aliqua reprehenderit magnis curabitur etiam nascetur fugiat veniam dis ornare aliquip duis. Id velit aute potenti magnis mus vivamus esse duis id amet ea adipiscing. Magnis deserunt eu in deserunt parturient quis ridiculus magnis labore.|Irure veniam voluptate magna veniam veniam sit ullamco elit est in veniam vel. Incididunt veniam elit non non excepteur id anim suspendisse irure officia minim nisi. Nisi sint officia etiam magnis vivamus curabitur nulla dis natoque irure etiam dolore fugiat sunt vel. Tempor aliqua sed irure magnis libero nulla ridiculus libero fugiat sit ut.|Nostrud esse vestibulum ornare magnis proident blandit commodo sunt ex tempor ipsum dolore qui in nascetur. Enim penatibus nulla magna nisi cum officia eu natoque vel tempor sit. Lorem eleifend natoque mus do occaecat esse ex parturient. Do etiam minim vestibulum sit veniam culpa voluptate veniam elit reprehenderit reprehenderit aute sit enim.|Penatibus ridiculus ex ipsum blandit veniam aliquip ex reprehenderit. Natoque id irure natoque eleifend incididunt hendrerit eiusmod lorem nascetur. Occaecat sit proident nisi nascetur nunc ridiculus elit excepteur sagittis velit est aliqua dolore. Commodo massa non ad laborum ad officia consequat excepteur libero curabitur. Cum reprehenderit cillum consectetur voluptate ullamco ut do excepteur. Ut et est reprehenderit excepteur ex dis aliquip. Non incididunt sit adipiscing nunc penatibus aliquip laboris nulla.|Amet enim exercitation nunc hendrerit ad reprehenderit blandit lorem. Curabitur consequat laboris esse cum lorem potenti natoque eiusmod nunc quis velit velit deserunt ut. Lorem nascetur nostrud consectetur potenti ex curabitur officia occaecat est suspendisse sapien magnis officia cupidatat. Sed deserunt sagittis consequat excepteur velit culpa consequat ea sed montes minim laborum cupidatat dolor. Mus est vel natoque sunt nunc culpa occaecat veniam. Eu enim natoque exercitation fugiat pariatur vel quis ullamco.|Curabitur suspendisse ullamco etiam ea ut libero non dis consequat ipsum fugiat parturient. Sapien lorem quis dolore ipsum sint mollit in mollit vel velit proident potenti irure. Mus vivamus anim ornare potenti consectetur cupidatat pariatur sapien libero. Etiam sociis ornare voluptate lorem mollit sunt vestibulum. Potenti adipiscing cillum amet magna incididunt laborum id. Dolor dis suspendisse id excepteur esse fugiat fugiat amet nostrud proident incididunt duis tempor nascetur do. In anim libero penatibus laboris dolor fugiat aliqua nisi sunt aute massa est.;true
The Curious Incident of the Dog in the Night-Time;9781400032720;Mark Haddon;226;Un adolescente con una forma particular de ver el mundo investiga la muerte de un perro en su vecindario.;Misterio y Thriller;Sit sapien penatibus eiusmod aliqua irure sagittis hendrerit non libero. Massa hendrerit ornare culpa ea amet commodo in eleifend sociis hendrerit reprehenderit cillum commodo eiusmod. Hendrerit fugiat fugiat nulla parturient exercitation velit minim sapien qui. Mollit laboris sint consequat culpa sunt eleifend et ut sit elit aliqua laborum. In proident ut suspendisse eiusmod sed reprehenderit proident magna consequat est enim.|Blandit eu enim nisi aute tempor massa hendrerit cillum ad aliquip. Dolore laborum amet sunt nostrud occaecat fugiat eu tempor dolore labore sunt anim. Ullamco consequat velit non labore tempor proident elit mollit nulla ex. Massa non nostrud vel vestibulum consequat blandit mollit.|Nascetur laborum fugiat eu sagittis elit laboris adipiscing tempor laboris laboris nisi ea. Dis adipiscing laborum fugiat dolor proident natoque esse amet nostrud sit ornare duis curabitur consequat deserunt. Dolore qui magna non irure consequat vivamus esse lorem pariatur nisi ipsum non nostrud. Quis do ornare adipiscing ullamco sapien ornare sunt quis magna exercitation proident. Magnis lorem sagittis massa nulla cum qui qui parturient. Enim labore sagittis officia veniam velit montes aliqua laboris.|Sed vel sit dolore esse aute deserunt cum vestibulum. Vestibulum sociis labore dolore vivamus ex aliquip reprehenderit labore magnis nascetur vivamus. Curabitur massa officia laborum incididunt veniam exercitation fugiat sapien eleifend veniam ullamco nostrud. Magnis magnis suspendisse dis vivamus quis est vel amet amet massa dis excepteur mus.|Proident nunc do magna incididunt quis blandit elit et magnis labore officia eu aute duis. Penatibus ex veniam vivamus excepteur montes ex eiusmod. Id voluptate commodo suspendisse incididunt ex parturient suspendisse adipiscing penatibus laborum. Occaecat voluptate qui id hendrerit occaecat cupidatat curabitur et suspendisse sunt et potenti.|Mollit labore proident culpa nulla ullamco exercitation eleifend enim. Nascetur laborum aute non magna eiusmod sagittis reprehenderit ut penatibus vivamus potenti dolor velit natoque ut. Mollit curabitur voluptate mus pariatur pariatur irure officia sint laborum ut dolore massa tempor anim esse. Montes montes magnis nisi nostrud deserunt tempor penatibus nisi massa vel cupidatat dolor.|Magna pariatur sociis enim commodo vivamus sint et nascetur. Dolore veniam vel ipsum tempor sociis cum magnis aute parturient cillum elit. Etiam labore etiam nisi parturient ridiculus sociis labore sint voluptate sit. Cillum dolor nunc qui hendrerit mollit deserunt anim sunt sint deserunt penatibus in aute cillum.|Curabitur natoque fugiat sapien adipiscing velit ex massa vestibulum amet minim enim sit massa sagittis ipsum. Nascetur ut massa suspendisse incididunt nostrud in ullamco consectetur eleifend anim excepteur id sunt eu. Eleifend montes curabitur minim occaecat laborum enim anim suspendisse et dis non penatibus mollit. Nunc esse mollit pariatur eu mus magnis nostrud mollit ad.;true
Northern Lights;9780679879240;Philip Pullman;399;Una niña emprende un viaje al Ártico para rescatar a niños desaparecidos en un mundo paralelo al nuestro.;Fantasía;Elit qui consequat minim potenti hendrerit est sunt id mollit nisi. Curabitur vel ea potenti mus etiam lorem eu lorem cupidatat magnis penatibus. Anim culpa massa aute ornare esse nulla curabitur reprehenderit nunc minim parturient. Magnis commodo culpa vivamus occaecat libero exercitation et penatibus proident ex magna sagittis. Curabitur libero qui ea sed reprehenderit anim ea magnis curabitur magnis. Sunt fugiat ex id ridiculus suspendisse in irure. Libero lorem sagittis libero veniam fugiat fugiat magnis incididunt minim incididunt sapien eu.|Etiam magna nascetur est enim vivamus eiusmod pariatur. Consectetur massa excepteur qui hendrerit eleifend ea sapien id libero sagittis nisi incididunt potenti adipiscing. Voluptate nisi proident minim sapien natoque enim elit culpa montes. Etiam do ipsum sint irure ridiculus amet in nunc ornare proident. Id dolor minim dis sed suspendisse minim reprehenderit occaecat consequat sed sit. Tempor nulla laboris curabitur dolor elit amet pariatur. Consectetur deserunt cillum velit massa magna blandit exercitation culpa eu magnis lorem anim nascetur.|Deserunt anim quis hendrerit laboris tempor sit commodo cum suspendisse ullamco. Lorem ipsum ullamco magna minim commodo nascetur velit laboris amet cillum ridiculus ut est. Sunt commodo eleifend etiam esse anim fugiat massa adipiscing excepteur blandit. Parturient occaecat vel penatibus vivamus fugiat cillum voluptate consequat consectetur nulla esse adipiscing massa culpa elit. Qui deserunt massa sit nulla ad nostrud eiusmod veniam ex nulla. Suspendisse elit libero esse hendrerit exercitation sint natoque dolor nascetur proident irure nisi id veniam deserunt.|Cum suspendisse nulla qui penatibus do mus deserunt minim aute incididunt commodo exercitation. Culpa nunc proident velit id nisi dolor irure pariatur sagittis natoque lorem. Libero nascetur adipiscing ea esse anim dolore est. Commodo mollit vel blandit id nostrud parturient sagittis velit parturient pariatur sunt reprehenderit.|Cum sint suspendisse dis labore vel hendrerit ridiculus massa blandit dolor sit ornare est lorem nostrud. Fugiat ridiculus mus ornare ullamco do voluptate id sint ipsum parturient sed. Montes mus occaecat irure elit reprehenderit montes ut. Tempor ullamco vivamus nascetur consectetur quis occaecat cillum eiusmod ipsum eiusmod esse ornare ad. Aliquip nunc laborum anim ad eleifend esse incididunt vestibulum anim. Cupidatat qui eu natoque culpa suspendisse consectetur enim nunc quis nascetur pariatur do esse officia sociis. Parturient non quis vestibulum labore cillum exercitation excepteur do parturient magna sed in ridiculus veniam veniam.|Laborum potenti sed ornare labore consequat elit potenti consectetur veniam minim blandit nostrud. Ea duis est ullamco ridiculus massa ornare aliquip duis nisi. Aliqua adipiscing ex do consectetur sunt magnis dolor incididunt duis. Do libero mollit aliqua ornare commodo tempor adipiscing id quis mollit in dis mollit montes. Potenti cupidatat id nisi in tempor irure nascetur nisi blandit non culpa nostrud. Reprehenderit curabitur sint sagittis aliquip aliqua blandit etiam nisi ridiculus.|Tempor deserunt consequat sint nostrud qui potenti anim ridiculus dolore magna magna occaecat sunt vivamus pariatur. Montes libero officia cum et pariatur ex dis fugiat amet fugiat. Elit est natoque potenti suspendisse commodo ornare vivamus magnis commodo exercitation curabitur fugiat eu exercitation penatibus. Quis proident sit in suspendisse amet lorem non cum dis aute occaecat tempor libero. Commodo commodo aliqua esse ad sociis etiam ea mollit ullamco suspendisse ipsum do eiusmod sociis. Dolor labore commodo suspendisse ea magna voluptate sed voluptate non etiam sagittis. Incididunt officia veniam dolor cupidatat aute incididunt id natoque do cillum.|Est nunc enim consequat mollit ad est laborum proident. Id sunt parturient quis nostrud ut cupidatat commodo est minim sed. Sunt quis reprehenderit quis dis laboris laborum natoque vel ea esse nulla eiusmod velit magna. Fugiat cum est sapien suspendisse voluptate do ad sagittis. Penatibus labore sunt aliqua sapien magnis cillum do irure potenti curabitur blandit.;true
Wuthering Heights;9780393978900;Emily Brontë;322;Una intensa y destructiva historia de amor se desarrolla entre los páramos de Yorkshire.;Clásico;Exercitation dis ex commodo elit occaecat ad elit. Nascetur ea parturient curabitur suspendisse excepteur culpa sit nunc. Est ex commodo massa dis ridiculus montes voluptate dis reprehenderit eu nostrud. Officia nisi quis penatibus ad deserunt sociis magna ornare vel pariatur. Culpa nunc proident elit nascetur eiusmod ipsum duis fugiat blandit adipiscing. Natoque officia montes laborum duis cum anim duis massa vivamus enim.|Commodo commodo veniam ridiculus commodo lorem non magna cupidatat. Dolor suspendisse mus amet officia vestibulum cillum sagittis penatibus do tempor. Etiam natoque nostrud elit nisi ex natoque nunc est velit magnis consequat deserunt natoque dolor. Reprehenderit vel lorem consectetur ut dolor mollit cillum cum parturient. Excepteur sagittis ridiculus ea veniam etiam laborum non nunc. Minim adipiscing aliquip qui ornare officia vel montes eiusmod commodo. Magna magna potenti occaecat sint massa sapien sociis.|Esse ipsum montes libero eiusmod enim dolor voluptate officia. Fugiat ea curabitur eu ex sint montes lorem ex eleifend laboris sit qui penatibus. Penatibus aute qui id tempor dolore in ex sint tempor. Sit massa magnis mollit nostrud anim magnis est est penatibus. Do cum quis magna ullamco cum sapien penatibus do ornare. Velit ridiculus voluptate natoque cupidatat cum reprehenderit nulla vestibulum parturient natoque montes excepteur velit.|Amet mollit parturient esse ut in montes nulla officia. Sint natoque enim cillum adipiscing labore non sociis do libero commodo id pariatur ut natoque. Mus voluptate ipsum voluptate ullamco eu sunt aute adipiscing nulla velit. Ornare dolore in laborum sunt blandit vestibulum nunc parturient enim ridiculus hendrerit cillum aliqua.|Eiusmod commodo natoque etiam etiam ut veniam dolor ornare esse nulla non ornare eiusmod minim. Dolore nunc duis lorem sint hendrerit lorem cum magnis potenti enim mollit. Laborum aliqua aliqua penatibus adipiscing penatibus veniam deserunt. Mollit tempor pariatur voluptate parturient nostrud natoque culpa sapien sapien suspendisse potenti dolor. Suspendisse in dolor nostrud consequat vivamus ornare veniam velit etiam ornare hendrerit elit cum eu. Natoque exercitation duis voluptate anim deserunt sagittis duis nulla curabitur voluptate cum.|Curabitur massa vivamus libero veniam consequat nulla in excepteur ullamco sint fugiat adipiscing et nulla. Officia veniam hendrerit culpa nulla et aliqua quis non elit labore. Vel non proident suspendisse natoque potenti labore nisi ornare ipsum laborum. Enim ridiculus anim lorem vel montes quis ornare reprehenderit. Adipiscing vivamus id do montes mollit duis lorem nisi occaecat vestibulum non natoque irure potenti. Consequat mollit fugiat ornare id velit potenti dis potenti vel duis sapien.|Amet ea lorem id dis sagittis incididunt voluptate aliquip nisi dolore fugiat consectetur non. Pariatur excepteur sunt nulla etiam cillum ullamco nostrud labore in est occaecat laborum reprehenderit culpa sunt. Cillum est mollit in est sit duis eu laboris sapien in proident veniam suspendisse elit veniam. Sed laborum etiam potenti minim potenti natoque do eiusmod cum quis. Irure veniam excepteur ex fugiat consequat laborum ea. Do adipiscing magna culpa parturient ea curabitur excepteur nisi parturient nascetur sociis magna nulla. Anim aliquip ridiculus montes magnis in cum anim aliqua.|Voluptate veniam esse sint incididunt montes duis amet tempor qui proident do vivamus libero tempor sapien. Deserunt reprehenderit montes sunt aute sociis parturient exercitation in sapien vestibulum eu. Magna eu hendrerit culpa mus sed cum tempor mus potenti fugiat adipiscing blandit est etiam. Sapien libero sapien vestibulum dolore montes velit do tempor nunc suspendisse deserunt non. Natoque hendrerit duis vivamus potenti hendrerit reprehenderit dolore sit aute in enim. Culpa mus ea pariatur exercitation hendrerit duis aliquip id sed nostrud.;true
Slaughterhouse-Five;9780385333850;Kurt Vonnegut Jr.;275;Un soldado que viaja involuntariamente en el tiempo revive los horrores de la Segunda Guerra Mundial.;Ciencia Ficción;Deserunt nisi parturient sunt excepteur exercitation id natoque. Incididunt exercitation ullamco eleifend ea eu consequat blandit. Libero veniam dolore amet proident parturient cupidatat massa dolor quis lorem. Elit penatibus ipsum eu id et id curabitur minim dis blandit. Cillum deserunt fugiat ea quis aute voluptate voluptate cillum ad nisi cupidatat do cillum sed.|In ex est proident massa non cum culpa dolore curabitur vivamus nascetur ea parturient. Aliqua veniam sagittis deserunt non voluptate cillum sagittis sint. Nulla natoque potenti cillum enim sociis cupidatat vivamus culpa culpa sit velit eiusmod. Ut voluptate sunt non ornare nisi id elit exercitation. Elit libero reprehenderit id mus sit dis aute mollit id. Amet vel vestibulum magna veniam enim nostrud veniam vivamus. Proident veniam labore blandit dis lorem consectetur officia labore natoque voluptate vel minim labore.|Penatibus magnis magnis nisi eu consectetur magnis dolore eleifend enim ipsum proident natoque anim enim ridiculus. Pariatur sapien mollit cillum velit aliquip irure occaecat eiusmod labore anim nascetur mollit. Ullamco suspendisse deserunt enim vel potenti ea massa blandit reprehenderit sapien. Parturient nunc ex eleifend libero aliquip esse fugiat nisi mus adipiscing etiam.|Ornare vestibulum fugiat non duis curabitur cupidatat magnis irure. Ipsum ornare deserunt nunc dis curabitur velit nisi dolore vestibulum libero pariatur deserunt elit. Dolore sociis aliquip hendrerit ex eu proident consequat vel velit. Ad aute amet adipiscing incididunt in enim dolore sagittis amet. Enim eu dolore cupidatat eiusmod qui aliqua deserunt ut. Culpa labore deserunt dolor vel id parturient laboris aute tempor quis.|Id id suspendisse magna amet occaecat sint enim etiam ullamco fugiat esse officia amet. Nulla laboris aute mus consequat laboris cupidatat in est lorem ridiculus deserunt aliqua irure labore. Penatibus ipsum aliquip proident ex officia labore cillum dolore duis eleifend ut suspendisse. Aliquip libero labore veniam montes vel sociis magnis potenti culpa. Cillum amet est cillum magna id minim deserunt cum mus. Aute amet do nascetur sunt libero elit amet duis pariatur et potenti duis libero. Laborum nascetur parturient qui et ridiculus culpa mus natoque eleifend est massa mollit penatibus commodo pariatur.|Reprehenderit elit id nostrud sagittis ridiculus ad anim cum occaecat occaecat eiusmod proident. Nostrud reprehenderit adipiscing incididunt vivamus magnis fugiat fugiat ridiculus veniam ridiculus. Suspendisse sed id labore dis dolor duis sed blandit dolore lorem ut proident commodo enim dis. Potenti aute blandit enim consectetur nunc sunt et et amet minim. Sunt in dolore vestibulum dolore ea ipsum sagittis veniam anim esse deserunt aute non laborum lorem. Laborum anim deserunt eleifend elit esse cum vestibulum. Potenti et ullamco laboris minim etiam ornare nulla ornare eiusmod magnis.|Vel laboris qui eiusmod ridiculus consectetur vel occaecat lorem eu excepteur dolore. Vestibulum amet officia anim hendrerit pariatur sapien occaecat. Exercitation vel deserunt dolore aliqua eiusmod anim ipsum consequat culpa curabitur. Quis adipiscing minim est eleifend dolore velit labore ut cum. Elit eiusmod voluptate cupidatat hendrerit labore montes eleifend et duis. Do blandit irure nulla eiusmod in dis massa.|Montes lorem nisi aliquip nulla cum eleifend in minim ipsum. Sit non elit est dis ex deserunt dolor montes ipsum. Adipiscing pariatur ornare consectetur ex velit massa lorem quis nisi occaecat. Dis velit ad fugiat veniam velit fugiat libero cupidatat hendrerit etiam mollit aute anim. Ex nulla nisi vel lorem fugiat labore et. Minim hendrerit occaecat cupidatat eiusmod laborum penatibus tempor commodo sed labore vivamus quis in magna. Sint adipiscing qui sit dolor laboris irure consectetur id deserunt vivamus sapien cillum adipiscing.;true
Gone with the Wind;9780446675540;Margaret Mitchell;1037;Una joven aristócrata del sur lucha por sobrevivir y prosperar durante y después de la Guerra Civil estadounidense.;Drama;Amet aute sint parturient sapien non magnis cupidatat montes officia sed natoque ornare veniam consectetur. Laboris ullamco est parturient sint anim eiusmod consectetur. Sed eleifend sagittis potenti ex irure massa irure voluptate. Proident ex nostrud aute dolor eu non massa velit.|Adipiscing natoque cum cillum massa tempor ut aliqua lorem curabitur ea ad velit. Voluptate anim aliquip magna ut qui ea proident laborum excepteur. Cupidatat cillum minim curabitur fugiat mus nascetur qui cum magna officia ex cillum est ipsum curabitur. Dolor potenti minim nulla anim magna culpa excepteur blandit exercitation exercitation incididunt. Veniam cupidatat nisi blandit massa ea curabitur culpa occaecat occaecat anim irure massa ut veniam. Vivamus sapien natoque parturient officia consectetur do in veniam ornare eiusmod.|Consequat laborum veniam laborum ex ridiculus reprehenderit irure massa. Cupidatat dolore enim commodo dolor nostrud commodo massa eiusmod penatibus mollit laboris nostrud ullamco ut adipiscing. Ex natoque quis etiam aliquip deserunt et potenti officia excepteur ullamco sapien nunc duis nulla. Adipiscing officia tempor penatibus nostrud fugiat culpa penatibus anim exercitation proident sociis etiam. Veniam hendrerit aliquip mollit qui excepteur fugiat blandit non eiusmod.|Consectetur nisi eiusmod consequat parturient adipiscing excepteur sapien. Sociis et est minim ex esse sociis et aliquip magna adipiscing hendrerit sed veniam mus. Libero sint est mus parturient laboris eleifend mus deserunt magnis officia. In libero sunt eiusmod dolor suspendisse sunt reprehenderit. Magnis culpa sociis ut sapien consectetur magnis sunt curabitur sit ex in sagittis quis elit.|Do labore lorem hendrerit magna reprehenderit lorem veniam amet. Labore dis qui reprehenderit etiam sapien nascetur deserunt eiusmod et occaecat sociis quis curabitur occaecat. Consequat sagittis qui blandit qui potenti eleifend velit cum labore. Mollit exercitation exercitation nostrud quis ipsum cillum vestibulum.|Curabitur excepteur in vel ea consequat pariatur dis nisi sunt cum. Esse aliquip cillum voluptate natoque natoque curabitur culpa et ad ex fugiat. Anim culpa sint vivamus aute voluptate cillum vel sed consequat enim nostrud id do lorem. Potenti ad consectetur minim ridiculus voluptate dolor incididunt commodo occaecat irure officia. In ipsum qui enim laboris cillum magnis ipsum eu sagittis massa elit elit ullamco.|Anim duis vestibulum exercitation do dolor ornare sagittis ea ullamco. Ea ornare officia nisi consequat ex suspendisse deserunt cillum velit hendrerit sunt sit velit natoque magnis. Nunc aliquip natoque eu sapien cupidatat eleifend hendrerit hendrerit eleifend aliquip et parturient. Vivamus reprehenderit massa sagittis amet anim suspendisse nunc sagittis sagittis sunt deserunt et nostrud est sagittis. Aliquip labore ornare aute veniam cum montes cupidatat amet consectetur ad pariatur nostrud voluptate. Cupidatat blandit ex vel parturient exercitation reprehenderit libero. Natoque enim laborum ex curabitur aliqua parturient cum consequat veniam labore exercitation adipiscing tempor voluptate.|Nostrud pariatur incididunt aute veniam quis irure adipiscing. Excepteur dolore incididunt dolore duis ea culpa vivamus anim laborum sit do montes consectetur elit. Amet veniam mus libero id consectetur potenti ullamco elit mollit veniam mollit sapien amet. Id officia magnis elit cillum occaecat amet labore penatibus dolor. Dis eu ridiculus dis fugiat esse esse minim reprehenderit blandit esse.;true
